SET SQL_MODE = "NO_AUTO_VALUE_ON_ZERO";
SET AUTOCOMMIT = 0;
START TRANSACTION;
SET time_zone = "+00:00";


/*!40101 SET @OLD_CHARACTER_SET_CLIENT=@@CHARACTER_SET_CLIENT */;
/*!40101 SET @OLD_CHARACTER_SET_RESULTS=@@CHARACTER_SET_RESULTS */;
/*!40101 SET @OLD_COLLATION_CONNECTION=@@COLLATION_CONNECTION */;
/*!40101 SET NAMES utf8mb4 */;

--
-- Database: `acg_portal`
--

-- --------------------------------------------------------

--
-- Table structure for table `customers`
--

CREATE TABLE `customers` (
  `id` int(4) NOT NULL,
  `first_name` varchar(14) DEFAULT NULL,
  `last_name` varchar(22) DEFAULT NULL,
  `full_name` varchar(30) DEFAULT NULL,
  `email` varchar(38) DEFAULT NULL,
  `gender` varchar(6) DEFAULT NULL,
  `street` varchar(28) DEFAULT NULL,
  `city` varchar(31) DEFAULT NULL
) ENGINE=InnoDB DEFAULT CHARSET=utf8 ROW_FORMAT=COMPACT;

--
-- Dumping data for table `customers`
--

INSERT INTO `customers` (`id`, `first_name`, `last_name`, `full_name`, `email`, `gender`, `street`, `city`) VALUES
(1, 'Reuben', 'Girard', 'Reuben Girard', 'rgirard0@cyberchimps.com', 'Male', '6173 Forest Run Crossing', 'Kavála'),
(2, 'Thaxter', 'Sprackling', 'Thaxter Sprackling', 'tsprackling1@yellowbook.com', 'Male', '4 Twin Pines Center', 'Ngangpo'),
(3, 'Jameson', 'Rosenfrucht', 'Jameson Rosenfrucht', 'jrosenfrucht2@exblog.jp', 'Male', '85 Logan Terrace', 'Itō'),
(4, 'Lydon', 'Sleath', 'Lydon Sleath', 'lsleath3@barnesandnoble.com', '', '39 Holy Cross Park', 'Bilqās'),
(5, 'Brinn', 'Argente', 'Brinn Argente', 'bargente4@hud.gov', 'Female', '00325 Straubel Crossing', 'Ponta da Garça'),
(6, 'Derk', 'Robbert', 'Derk Robbert', 'drobbert5@dailymail.co.uk', 'Male', '1581 La Follette Hill', 'Toyota'),
(7, 'Wenonah', 'Marquet', 'Wenonah Marquet', 'wmarquet6@globo.com', 'Female', '0 Dakota Lane', 'Vargem Grande'),
(8, 'Durant', 'Gauchier', 'Durant Gauchier', 'dgauchier7@altervista.org', 'Male', '1875 Rusk Road', 'Al Metlaoui'),
(9, 'Tommy', 'Casari', 'Tommy Casari', 'tcasari8@zdnet.com', 'Female', '4548 Hoffman Drive', 'Kardzhin'),
(10, 'Deonne', 'Nevinson', 'Deonne Nevinson', 'dnevinson9@state.gov', '', '61952 Charing Cross Alley', 'Gornji Petrovci'),
(11, 'Mariana', 'Minichillo', 'Mariana Minichillo', 'mminichilloa@upenn.edu', 'Female', '868 Blaine Junction', 'Potet'),
(12, 'Lewiss', 'Petyanin', 'Lewiss Petyanin', 'lpetyaninb@theglobeandmail.com', 'Male', '16878 Meadow Ridge Place', 'Nowy Dwór Mazowiecki'),
(13, 'Gennifer', 'Blazic', 'Gennifer Blazic', 'gblazicc@cdc.gov', 'Female', '248 Rigney Alley', 'Zagora'),
(14, 'Brena', 'Caddie', 'Brena Caddie', 'bcaddied@php.net', 'Female', '141 Esch Crossing', 'Beigao'),
(15, 'Kristien', 'Hellen', 'Kristien Hellen', 'khellene@instagram.com', '', '41771 Brown Center', 'Cambuí'),
(16, 'Eryn', 'Dumbrill', 'Eryn Dumbrill', 'edumbrillf@sciencedirect.com', 'Female', '470 Iowa Drive', 'Bassar'),
(17, 'Kenna', 'Hayselden', 'Kenna Hayselden', 'khayseldeng@foxnews.com', 'Female', '068 Twin Pines Parkway', 'Rochester'),
(18, 'Enid', 'Lunnon', 'Enid Lunnon', 'elunnonh@360.cn', 'Female', '36333 Anhalt Junction', 'Lospalos'),
(19, 'Ingaberg', 'Furlong', 'Ingaberg Furlong', 'ifurlongi@php.net', 'Female', '4846 Prairie Rose Park', 'Beixin'),
(20, 'Ricoriki', 'Chominski', 'Ricoriki Chominski', 'rchominskij@accuweather.com', 'Male', '91177 Coolidge Crossing', 'Erfurt'),
(21, 'Penrod', 'Mahon', 'Penrod Mahon', 'pmahonk@army.mil', 'Male', '02 Garrison Hill', 'Krásná Hora nad Vltavou'),
(22, 'Agnese', 'Alexsandrev', 'Agnese Alexsandrev', 'aalexsandrevl@creativecommons.org', 'Female', '34330 Michigan Pass', 'Boleiros'),
(23, 'Tallie', 'Venn', 'Tallie Venn', 'tvennm@jimdo.com', 'Female', '5391 Meadow Ridge Street', 'Shulan'),
(24, 'Crissie', 'Dillingham', 'Crissie Dillingham', 'cdillinghamn@delicious.com', 'Female', '12 Westerfield Plaza', 'Bansko'),
(25, 'Garey', 'Eeles', 'Garey Eeles', 'geeleso@nps.gov', 'Male', '36544 Forster Terrace', 'Kutamandarakan'),
(26, 'Tasia', 'Mielnik', 'Tasia Mielnik', 'tmielnikp@feedburner.com', '', '9014 Spaight Drive', 'Popayán'),
(27, 'Jarret', 'Hindenberger', 'Jarret Hindenberger', 'jhindenbergerq@paypal.com', 'Male', '47 Forest Way', 'Domsjö'),
(28, 'Gamaliel', 'Tregidgo', 'Gamaliel Tregidgo', 'gtregidgor@forbes.com', 'Male', '4679 Old Gate Trail', 'Dumaguete'),
(29, 'Thorn', 'Fairfoul', 'Thorn Fairfoul', 'tfairfouls@diigo.com', 'Male', '4222 Walton Road', 'Strasbourg'),
(30, 'Ginni', 'Scudamore', 'Ginni Scudamore', 'gscudamoret@lycos.com', 'Female', '6119 Arrowood Plaza', 'Ancol'),
(31, 'Nickolai', 'Catcheside', 'Nickolai Catcheside', 'ncatchesideu@adobe.com', 'Male', '2 Waxwing Crossing', 'Zgornje Gorje'),
(32, 'Willabella', 'Shower', 'Willabella Shower', 'wshowerv@baidu.com', 'Female', '81 Shopko Plaza', 'Kadujajar'),
(33, 'Udell', 'Newband', 'Udell Newband', 'unewbandw@epa.gov', 'Male', '854 Hayes Drive', 'Anzi'),
(34, 'Artemis', 'Jotham', 'Artemis Jotham', 'ajothamx@globo.com', 'Male', '520 Mcguire Park', 'Zhenlai'),
(35, 'Lorain', 'Pinkett', 'Lorain Pinkett', 'lpinketty@stanford.edu', 'Female', '27923 Hallows Crossing', 'Tegaldowo'),
(36, 'Yanaton', 'Yearsley', 'Yanaton Yearsley', 'yyearsleyz@typepad.com', '', '204 Claremont Pass', 'Hayes'),
(37, 'Harmony', 'Pheby', 'Harmony Pheby', 'hpheby10@amazon.co.jp', '', '43980 Corry Drive', 'Staroutkinsk'),
(38, 'Francoise', 'Fishbourne', 'Francoise Fishbourne', 'ffishbourne11@spiegel.de', 'Female', '52038 Warner Street', 'Faisalābād'),
(39, 'Sandro', 'Fenna', 'Sandro Fenna', 'sfenna12@businessinsider.com', 'Male', '183 Vidon Pass', 'Biscucuy'),
(40, 'George', 'Gill', 'George Gill', 'ggill13@1688.com', 'Male', '80054 Sundown Alley', 'Mpika'),
(41, 'Idalia', 'Engel', 'Idalia Engel', 'iengel14@diigo.com', 'Female', '466 Eastwood Drive', 'Pasirhaur'),
(42, 'Aurelie', 'Hayen', 'Aurelie Hayen', 'ahayen15@loc.gov', 'Female', '37066 Doe Crossing Road', 'Saint-Maur-des-Fossés'),
(43, 'Tommy', 'Wardale', 'Tommy Wardale', 'twardale16@wordpress.org', 'Female', '4814 Village Green Terrace', 'København'),
(44, 'Kizzee', 'Thon', 'Kizzee Thon', 'kthon17@amazon.com', 'Female', '6004 Bluejay Hill', 'Staryye Atagi'),
(45, 'Anette', 'Driffe', 'Anette Driffe', 'adriffe18@discovery.com', 'Female', '7 Pankratz Street', 'Cisiec'),
(46, 'Daveta', 'Muck', 'Daveta Muck', 'dmuck19@sitemeter.com', 'Female', '63 Pennsylvania Crossing', 'Kelaniya'),
(47, 'Gallard', 'Gormally', 'Gallard Gormally', 'ggormally1a@google.com.hk', 'Male', '891 Saint Paul Lane', 'Citeguh'),
(48, 'Giuditta', 'Anfosso', 'Giuditta Anfosso', 'ganfosso1b@state.gov', 'Female', '01 Grayhawk Point', 'Brongkah'),
(49, 'Marya', 'Tineman', 'Marya Tineman', 'mtineman1c@wix.com', 'Female', '7084 Twin Pines Road', 'Kyzyl-Oktyabr’skiy'),
(50, 'Jan', 'Salterne', 'Jan Salterne', 'jsalterne1d@mtv.com', 'Female', '40024 Messerschmidt Road', 'Pemba'),
(51, 'Tristam', 'Weddeburn - Scrimgeour', 'Tristam Weddeburn - Scrimgeour', 'tweddeburnscrimgeour1e@earthlink.net', 'Male', '8 Stoughton Trail', 'Tailing'),
(52, 'Jeth', 'Baudassi', 'Jeth Baudassi', 'jbaudassi1f@upenn.edu', 'Male', '7 Fairview Center', 'Solna'),
(53, 'Zacharia', 'Volette', 'Zacharia Volette', 'zvolette1g@cbc.ca', 'Male', '8 Maywood Lane', 'Roblin'),
(54, 'Gunner', 'Everitt', 'Gunner Everitt', 'geveritt1h@alexa.com', 'Male', '25 Sloan Alley', 'Kalimati'),
(55, 'Tyrus', 'Tallon', 'Tyrus Tallon', 'ttallon1i@vinaora.com', 'Male', '8854 Sundown Junction', 'São Pedro'),
(56, 'Greg', 'Powdrell', 'Greg Powdrell', 'gpowdrell1j@cbc.ca', 'Male', '8 Linden Court', 'Embi'),
(57, 'Stacee', 'Batch', 'Stacee Batch', 'sbatch1k@ocn.ne.jp', 'Female', '6489 Ilene Circle', 'Oslo'),
(58, 'Redd', 'Taunton', 'Redd Taunton', 'rtaunton1l@census.gov', 'Male', '01 Debs Court', 'Pangal Sur'),
(59, 'Randi', 'Lidierth', 'Randi Lidierth', 'rlidierth1m@dot.gov', 'Male', '762 Waubesa Plaza', 'Jamao al Norte'),
(60, 'Keely', 'Jephson', 'Keely Jephson', 'kjephson1n@admin.ch', 'Female', '64 Welch Lane', 'Ambar'),
(61, 'Gualterio', 'Pes', 'Gualterio Pes', 'gpes1o@blogspot.com', 'Male', '9046 Rockefeller Way', 'Inčukalns'),
(62, 'Dynah', 'Keats', 'Dynah Keats', 'dkeats1p@amazon.co.uk', 'Female', '5187 Barby Lane', 'Avignon'),
(63, 'Malanie', 'Barus', 'Malanie Barus', 'mbarus1q@upenn.edu', 'Female', '1 Westport Center', 'Hollola'),
(64, 'Mellisent', 'Courtman', 'Mellisent Courtman', 'mcourtman1r@xrea.com', 'Female', '91198 Village Green Point', 'Poshekhon’ye'),
(65, 'Adolphus', 'Basson', 'Adolphus Basson', 'abasson1s@ebay.co.uk', 'Male', '33 Larry Place', 'Santa Catarina Barahona'),
(66, 'Kalle', 'Peeter', 'Kalle Peeter', 'kpeeter1t@multiply.com', 'Male', '02731 Rusk Circle', 'Gaoliang'),
(67, 'Frederick', 'Janota', 'Frederick Janota', 'fjanota1u@friendfeed.com', '', '46 8th Road', 'Shinpokh'),
(68, 'Marabel', 'Scutts', 'Marabel Scutts', 'mscutts1v@parallels.com', 'Female', '836 Dakota Circle', 'Kombolcha'),
(69, 'Dell', 'Creane', 'Dell Creane', 'dcreane1w@domainmarket.com', 'Male', '74 1st Way', 'Karagay'),
(70, 'Melita', 'Gipson', 'Melita Gipson', 'mgipson1x@census.gov', 'Female', '64536 Hoffman Drive', 'Pamupukan'),
(71, 'Mildrid', 'Erley', 'Mildrid Erley', 'merley1y@webeden.co.uk', 'Female', '2 Florence Point', 'Monamon'),
(72, 'Karmen', 'Heatlie', 'Karmen Heatlie', 'kheatlie1z@wunderground.com', 'Female', '0 Declaration Parkway', 'Chambara'),
(73, 'Kimmy', 'Lamerton', 'Kimmy Lamerton', 'klamerton20@woothemes.com', 'Female', '87 Rutledge Terrace', 'Honolulu'),
(74, 'Loretta', 'Francie', 'Loretta Francie', 'lfrancie21@columbia.edu', 'Female', '8 Maywood Court', 'Igreja'),
(75, 'Faunie', 'Bergen', 'Faunie Bergen', 'fbergen22@amazonaws.com', 'Female', '1 Fisk Pass', 'Krajan Dua Padomasan'),
(76, 'Lyndsay', 'Hendriksen', 'Lyndsay Hendriksen', 'lhendriksen23@google.ca', 'Female', '0 Everett Crossing', 'Jugantang'),
(77, 'Siusan', 'Lipscombe', 'Siusan Lipscombe', 'slipscombe24@bizjournals.com', 'Female', '08 New Castle Terrace', 'Berlin'),
(78, 'Baron', 'Noirel', 'Baron Noirel', 'bnoirel25@hud.gov', 'Male', '744 Aberg Park', 'Diyarb Najm'),
(79, 'Clemence', 'Fullerd', 'Clemence Fullerd', 'cfullerd26@wp.com', 'Female', '56903 Elgar Lane', 'Kolomyagi'),
(80, 'Lilias', 'Kiebes', 'Lilias Kiebes', 'lkiebes27@topsy.com', 'Female', '56 Bartelt Center', 'Vodňany'),
(81, 'Fidelity', 'Duffield', 'Fidelity Duffield', 'fduffield28@elpais.com', 'Female', '3884 Duke Park', 'Svoge'),
(82, 'Diahann', 'Thornton', 'Diahann Thornton', 'dthornton29@odnoklassniki.ru', 'Female', '540 Brickson Park Junction', 'Den Chai'),
(83, 'Arabele', 'Skeffington', 'Arabele Skeffington', 'askeffington2a@dropbox.com', 'Female', '029 Stang Avenue', 'Bungkulan'),
(84, 'Rosene', 'Middiff', 'Rosene Middiff', 'rmiddiff2b@simplemachines.org', 'Female', '710 Oxford Alley', 'Taytayan'),
(85, 'Drusilla', 'Peddel', 'Drusilla Peddel', 'dpeddel2c@netvibes.com', 'Female', '2 Southridge Circle', 'Hetan'),
(86, 'Lilas', 'Kidgell', 'Lilas Kidgell', 'lkidgell2d@senate.gov', 'Female', '512 Raven Court', 'San Carlos'),
(87, 'Doll', 'Charle', 'Doll Charle', 'dcharle2e@google.com.au', 'Female', '91 Hanover Alley', 'Ibotirama'),
(88, 'Delly', 'Whyke', 'Delly Whyke', 'dwhyke2f@flickr.com', '', '6076 Manitowish Pass', 'Călăraşi'),
(89, 'Neill', 'Bycraft', 'Neill Bycraft', 'nbycraft2g@senate.gov', 'Male', '0 Clove Parkway', 'Amieira do Tejo'),
(90, 'Hector', 'Carlozzi', 'Hector Carlozzi', 'hcarlozzi2h@hostgator.com', 'Male', '325 Transport Hill', 'Makrýgialos'),
(91, 'Roxanna', 'Pietrzyk', 'Roxanna Pietrzyk', 'rpietrzyk2i@rediff.com', '', '65930 Artisan Plaza', 'Tambulig'),
(92, 'Elvina', 'Burdekin', 'Elvina Burdekin', 'eburdekin2j@wix.com', 'Female', '356 Kensington Court', 'Sukowono'),
(93, 'Davita', 'MacLachlan', 'Davita MacLachlan', 'dmaclachlan2k@economist.com', 'Female', '55 Drewry Trail', 'Göteborg'),
(94, 'Melissa', 'Wingate', 'Melissa Wingate', 'mwingate2l@salon.com', 'Female', '07454 Waywood Trail', 'Boyarka'),
(95, 'Wood', 'Gouge', 'Wood Gouge', 'wgouge2m@redcross.org', 'Male', '81 Shoshone Lane', 'Koungou'),
(96, 'Elnar', 'Sapsed', 'Elnar Sapsed', 'esapsed2n@whitehouse.gov', 'Male', '61036 Cottonwood Place', 'Sędziejowice'),
(97, 'Ainsley', 'Werndly', 'Ainsley Werndly', 'awerndly2o@noaa.gov', 'Female', '6 Meadow Ridge Circle', 'Svenljunga'),
(98, 'Kathlin', 'Mytton', 'Kathlin Mytton', 'kmytton2p@networkadvertising.org', 'Female', '48678 Coleman Pass', 'Olenegorsk'),
(99, 'Lyndsey', 'Dradey', 'Lyndsey Dradey', 'ldradey2q@statcounter.com', 'Female', '30004 Raven Road', 'São Sebastião do Paraíso'),
(100, 'Alvira', 'Whiscard', 'Alvira Whiscard', 'awhiscard2r@google.it', 'Female', '595 Dayton Terrace', 'Thai Charoen'),
(101, 'Markos', 'Malins', 'Markos Malins', 'mmalins2s@delicious.com', 'Male', '97 Oriole Court', 'Wajir'),
(102, 'Marietta', 'Tschierse', 'Marietta Tschierse', 'mtschierse2t@rediff.com', 'Female', '647 Luster Avenue', 'Xarag'),
(103, 'Melesa', 'Sibly', 'Melesa Sibly', 'msibly2u@washington.edu', 'Female', '55 Hagan Drive', 'Merefa'),
(104, 'Katy', 'Burrill', 'Katy Burrill', 'kburrill2v@google.pl', 'Female', '7 Anhalt Parkway', 'Ivatsevichy'),
(105, 'Winnah', 'Wraggs', 'Winnah Wraggs', 'wwraggs2w@uol.com.br', '', '7 Bellgrove Plaza', 'Camperdown'),
(106, 'Merrilee', 'Reveland', 'Merrilee Reveland', 'mreveland2x@e-recht24.de', 'Female', '31 Donald Place', 'Penanggungan'),
(107, 'Dru', 'Mulcahy', 'Dru Mulcahy', 'dmulcahy2y@posterous.com', 'Female', '40038 Monument Hill', 'Kampokpok'),
(108, 'Patten', 'Vellender', 'Patten Vellender', 'pvellender2z@yahoo.com', '', '11 Wayridge Plaza', 'Darungan'),
(109, 'Traver', 'Knotton', 'Traver Knotton', 'tknotton30@pen.io', 'Male', '68191 Dryden Avenue', 'Fengdian'),
(110, 'Shay', 'Huonic', 'Shay Huonic', 'shuonic31@symantec.com', 'Male', '587 School Hill', 'Meylan'),
(111, 'Roger', 'Malinson', 'Roger Malinson', 'rmalinson32@unblog.fr', 'Male', '5 Del Sol Hill', 'Dayuan'),
(112, 'Glynda', 'Raffles', 'Glynda Raffles', 'graffles33@ed.gov', 'Female', '2544 Hoard Avenue', 'Kāshān'),
(113, 'Sylvia', 'Adamowicz', 'Sylvia Adamowicz', 'sadamowicz34@jigsy.com', 'Female', '5326 Toban Circle', 'Kampunglistrik'),
(114, 'Brittani', 'Cranmere', 'Brittani Cranmere', 'bcranmere35@nbcnews.com', 'Female', '85356 Di Loreto Terrace', 'Wuppertal'),
(115, 'Bartram', 'Fissenden', 'Bartram Fissenden', 'bfissenden36@wp.com', 'Male', '74664 Duke Park', 'Melchor de Mencos'),
(116, 'Carolyne', 'Dorkens', 'Carolyne Dorkens', 'cdorkens37@cbsnews.com', 'Female', '4 Grayhawk Place', 'Alvaro Obregon'),
(117, 'Lorrin', 'Siddaley', 'Lorrin Siddaley', 'lsiddaley38@e-recht24.de', 'Female', '759 Melody Road', 'Jiatou'),
(118, 'Pepita', 'Maylor', 'Pepita Maylor', 'pmaylor39@java.com', 'Female', '69 Hintze Alley', 'Istres'),
(119, 'Christoffer', 'Hazeldine', 'Christoffer Hazeldine', 'chazeldine3a@ca.gov', 'Male', '36572 Logan Crossing', 'Phatthana Nikhom'),
(120, 'Bartholomew', 'Stilling', 'Bartholomew Stilling', 'bstilling3b@t.co', 'Male', '4 Sycamore Circle', 'Cheremshan'),
(121, 'Olivia', 'Placidi', 'Olivia Placidi', 'oplacidi3c@php.net', 'Female', '05 Bunker Hill Trail', 'Leijiadian'),
(122, 'Georg', 'Larraway', 'Georg Larraway', 'glarraway3d@addtoany.com', 'Male', '689 Onsgard Hill', 'Baunu-Timbangan'),
(123, 'Lisa', 'Johannes', 'Lisa Johannes', 'ljohannes3e@constantcontact.com', 'Female', '7 Del Sol Pass', 'Chongjin'),
(124, 'Brooks', 'Segot', 'Brooks Segot', 'bsegot3f@topsy.com', 'Male', '43 Carey Center', 'Ajax'),
(125, 'Hally', 'D\'Agostini', 'Hally D\'Agostini', 'hdagostini3g@live.com', 'Female', '8077 Linden Court', 'Misungwi'),
(126, 'Steve', 'Godon', 'Steve Godon', 'sgodon3h@accuweather.com', 'Male', '26965 Bayside Way', 'Siay'),
(127, 'Dorree', 'Killingbeck', 'Dorree Killingbeck', 'dkillingbeck3i@aboutads.info', 'Female', '48897 Birchwood Lane', 'Thiers'),
(128, 'Delmor', 'Byers', 'Delmor Byers', 'dbyers3j@xrea.com', 'Male', '80739 Hauk Drive', 'Kedungdoro'),
(129, 'Kirsti', 'Belch', 'Kirsti Belch', 'kbelch3k@imdb.com', 'Female', '82096 Leroy Point', 'Xiaozhai'),
(130, 'Annadiane', 'Shadfourth', 'Annadiane Shadfourth', 'ashadfourth3l@typepad.com', 'Female', '7 Blaine Terrace', 'Jacupiranga'),
(131, 'Matti', 'Wornum', 'Matti Wornum', 'mwornum3m@hexun.com', 'Female', '5212 Arkansas Road', 'Balkh'),
(132, 'Enos', 'Walcot', 'Enos Walcot', 'ewalcot3n@independent.co.uk', 'Male', '0 Garrison Court', 'Seririt'),
(133, 'Francois', 'Zipsell', 'Francois Zipsell', 'fzipsell3o@godaddy.com', 'Male', '56508 Lindbergh Drive', 'Gaoqiu'),
(134, 'Mae', 'Rustadge', 'Mae Rustadge', 'mrustadge3p@yolasite.com', 'Female', '390 Dawn Road', 'San Silvestre'),
(135, 'Leonhard', 'Lintall', 'Leonhard Lintall', 'llintall3q@a8.net', 'Male', '49 Mariners Cove Court', 'Dongling'),
(136, 'Harli', 'Suthworth', 'Harli Suthworth', 'hsuthworth3r@joomla.org', 'Female', '63 Calypso Hill', 'Etten-Leur'),
(137, 'Kariotta', 'Shawel', 'Kariotta Shawel', 'kshawel3s@whitehouse.gov', 'Female', '4 Haas Drive', 'Baler Baleagung'),
(138, 'Sheela', 'Skeates', 'Sheela Skeates', 'sskeates3t@nba.com', 'Female', '6 Merrick Alley', 'Yuwang'),
(139, 'Jeannine', 'Hoyt', 'Jeannine Hoyt', 'jhoyt3u@ca.gov', 'Female', '43583 Roxbury Drive', 'Vitoria-Gasteiz'),
(140, 'Rick', 'Laybourne', 'Rick Laybourne', 'rlaybourne3v@home.pl', 'Male', '37825 Jackson Way', 'Krajan Karanganyar'),
(141, 'Cosette', 'Vint', 'Cosette Vint', 'cvint3w@amazonaws.com', 'Female', '95127 Mayer Park', 'Tsévié'),
(142, 'Janaya', 'Baitey', 'Janaya Baitey', 'jbaitey3x@domainmarket.com', 'Female', '57 Dunning Parkway', 'Malangwa'),
(143, 'Claretta', 'Schwander', 'Claretta Schwander', 'cschwander3y@seesaa.net', 'Female', '87259 Pennsylvania Pass', 'Khisarya'),
(144, 'Lurlene', 'Armatage', 'Lurlene Armatage', 'larmatage3z@dailymotion.com', 'Female', '054 Rusk Road', 'Leigu'),
(145, 'Fidole', 'Dowty', 'Fidole Dowty', 'fdowty40@bandcamp.com', 'Male', '46 Towne Way', 'Deventer'),
(146, 'Eliza', 'Pethick', 'Eliza Pethick', 'epethick41@fda.gov', 'Female', '64372 Delladonna Circle', 'Sindangsari'),
(147, 'Olag', 'Genney', 'Olag Genney', 'ogenney42@example.com', 'Male', '96 John Wall Hill', 'Lesichevo'),
(148, 'Micaela', 'Reame', 'Micaela Reame', 'mreame43@furl.net', 'Female', '056 Mosinee Hill', 'Nanpu'),
(149, 'Cristen', 'Giacopazzi', 'Cristen Giacopazzi', 'cgiacopazzi44@elegantthemes.com', 'Female', '562 Sunfield Pass', 'Balabac'),
(150, 'Almeta', 'Charlesworth', 'Almeta Charlesworth', 'acharlesworth45@joomla.org', 'Female', '9358 Oak Valley Trail', 'Kuala Terengganu'),
(151, 'Carmita', 'Romain', 'Carmita Romain', 'cromain46@xing.com', 'Female', '35488 Grayhawk Court', 'Nueva Esperanza'),
(152, 'Dorella', 'Hailston', 'Dorella Hailston', 'dhailston47@indiatimes.com', 'Female', '743 Rowland Avenue', 'Jorochito'),
(153, 'Tripp', 'Gertray', 'Tripp Gertray', 'tgertray48@creativecommons.org', 'Male', '742 Meadow Valley Street', 'Bluefields'),
(154, 'Lida', 'Bohling', 'Lida Bohling', 'lbohling49@google.nl', 'Female', '38 Sunfield Lane', 'Carrascal'),
(155, 'Valentin', 'Fairhead', 'Valentin Fairhead', 'vfairhead4a@wikimedia.org', 'Male', '519 Debra Court', 'Yongyang'),
(156, 'Hamnet', 'Fowlston', 'Hamnet Fowlston', 'hfowlston4b@symantec.com', 'Male', '75236 Harper Hill', 'Huashu'),
(157, 'Analise', 'Embury', 'Analise Embury', 'aembury4c@weibo.com', 'Female', '43 Rieder Plaza', 'Louisville'),
(158, 'Tallia', 'Jurisic', 'Tallia Jurisic', 'tjurisic4d@themeforest.net', 'Female', '4 Saint Paul Road', 'Sedan'),
(159, 'Loretta', 'Pariss', 'Loretta Pariss', 'lpariss4e@pcworld.com', 'Female', '7 Colorado Avenue', 'La Puerta de San José'),
(160, 'Giuseppe', 'Dermott', 'Giuseppe Dermott', 'gdermott4f@rambler.ru', 'Male', '4 Ilene Drive', 'Salamina'),
(161, 'Sharyl', 'Blitzer', 'Sharyl Blitzer', 'sblitzer4g@sohu.com', 'Female', '26 5th Park', 'Buenavista'),
(162, 'Dud', 'Rylands', 'Dud Rylands', 'drylands4h@yellowpages.com', 'Male', '405 Southridge Court', 'Longuita'),
(163, 'Eilis', 'Wretham', 'Eilis Wretham', 'ewretham4i@aboutads.info', 'Female', '9 Northland Park', 'Palmas de Monte Alto'),
(164, 'Avram', 'Shurman', 'Avram Shurman', 'ashurman4j@reverbnation.com', 'Male', '76 Kenwood Point', 'Cocachacra'),
(165, 'Alisun', 'Poleykett', 'Alisun Poleykett', 'apoleykett4k@senate.gov', 'Female', '8 Commercial Point', 'Andalucía'),
(166, 'Magdalen', 'Denmead', 'Magdalen Denmead', 'mdenmead4l@umich.edu', 'Female', '9 Eagle Crest Park', 'Waihi Beach'),
(167, 'Eldredge', 'Cassar', 'Eldredge Cassar', 'ecassar4m@vk.com', '', '303 Butternut Plaza', 'Jiahe'),
(168, 'Jeanine', 'Migheli', 'Jeanine Migheli', 'jmigheli4n@last.fm', 'Female', '943 Forest Terrace', 'Foso'),
(169, 'Gwenny', 'Rosengren', 'Gwenny Rosengren', 'grosengren4o@macromedia.com', 'Female', '69294 Badeau Crossing', 'Podgorenskiy'),
(170, 'Evaleen', 'Kernermann', 'Evaleen Kernermann', 'ekernermann4p@timesonline.co.uk', 'Female', '02 Lighthouse Bay Circle', 'Ārt Khwājah'),
(171, 'Linn', 'Deem', 'Linn Deem', 'ldeem4q@cdbaby.com', 'Female', '5549 6th Road', 'Quangang'),
(172, 'Babette', 'Coppock.', 'Babette Coppock.', 'bcoppock4r@cbc.ca', 'Female', '9 Bobwhite Parkway', 'Santa Marta'),
(173, 'Madella', 'Impson', 'Madella Impson', 'mimpson4s@naver.com', 'Female', '72 Veith Junction', 'Paris 04'),
(174, 'Collette', 'Buzza', 'Collette Buzza', 'cbuzza4t@symantec.com', '', '156 Kings Hill', 'Miyazaki-shi'),
(175, 'Marijo', 'France', 'Marijo France', 'mfrance4u@macromedia.com', 'Female', '5 Northview Court', 'Amqui'),
(176, 'Hermina', 'Maffini', 'Hermina Maffini', 'hmaffini4v@newsvine.com', 'Female', '4114 Thierer Road', 'Muro'),
(177, 'Leonanie', 'Irnys', 'Leonanie Irnys', 'lirnys4w@apple.com', '', '61324 Knutson Point', 'Santa Maria'),
(178, 'Curt', 'Malloch', 'Curt Malloch', 'cmalloch4x@accuweather.com', 'Male', '95 Fuller Drive', 'Kalvola'),
(179, 'Lowell', 'Cud', 'Lowell Cud', 'lcud4y@dion.ne.jp', 'Male', '08329 Oak Valley Parkway', 'Åmål'),
(180, 'Kiley', 'McGraith', 'Kiley McGraith', 'kmcgraith4z@virginia.edu', 'Male', '408 Anhalt Court', 'Cipeucang'),
(181, 'Chane', 'Linnitt', 'Chane Linnitt', 'clinnitt50@nifty.com', 'Male', '0497 Loeprich Point', 'Kristinestad'),
(182, 'Ward', 'Palk', 'Ward Palk', 'wpalk51@utexas.edu', 'Male', '744 Arkansas Crossing', 'Krasnotur’insk'),
(183, 'Maryann', 'Oleszczak', 'Maryann Oleszczak', 'moleszczak52@yahoo.com', 'Female', '93469 Clove Avenue', 'Biting'),
(184, 'Raychel', 'Blader', 'Raychel Blader', 'rblader53@lycos.com', 'Female', '4 Hoard Avenue', 'Manalad'),
(185, 'Adi', 'Hiorn', 'Adi Hiorn', 'ahiorn54@archive.org', 'Female', '1 Kinsman Street', 'Ballyjamesduff'),
(186, 'Clemence', 'Terbeek', 'Clemence Terbeek', 'cterbeek55@shinystat.com', 'Female', '095 Paget Drive', 'Haolibao'),
(187, 'Eva', 'Bradford', 'Eva Bradford', 'ebradford56@ft.com', 'Female', '06369 Transport Crossing', 'Parakanpanjang'),
(188, 'Anabelle', 'Franzetti', 'Anabelle Franzetti', 'afranzetti57@mit.edu', '', '93 Mockingbird Terrace', 'Lisiy Nos'),
(189, 'Charlot', 'Cuttin', 'Charlot Cuttin', 'ccuttin58@ca.gov', 'Female', '61 Ohio Center', 'Kampong Speu'),
(190, 'Nonnah', 'Le Grice', 'Nonnah Le Grice', 'nlegrice59@illinois.edu', 'Female', '0536 Surrey Hill', 'Pępowo'),
(191, 'Dacey', 'Chaperlin', 'Dacey Chaperlin', 'dchaperlin5a@parallels.com', 'Female', '876 Pearson Circle', 'Raszków'),
(192, 'Dal', 'Giametti', 'Dal Giametti', 'dgiametti5b@alexa.com', '', '04822 Nobel Plaza', 'Ifakara'),
(193, 'Jacqueline', 'Goodspeed', 'Jacqueline Goodspeed', 'jgoodspeed5c@nymag.com', 'Female', '0 Talisman Avenue', 'Wilkowice'),
(194, 'Artur', 'Bunker', 'Artur Bunker', 'abunker5d@upenn.edu', 'Male', '2 Elgar Street', 'Adolfo Lopez Mateos'),
(195, 'Lefty', 'Breche', 'Lefty Breche', 'lbreche5e@de.vu', 'Male', '7 Talisman Way', 'Baalbek'),
(196, 'Oralla', 'Bocke', 'Oralla Bocke', 'obocke5f@last.fm', 'Female', '43 Jenifer Trail', 'Nato'),
(197, 'Link', 'Jedras', 'Link Jedras', 'ljedras5g@sciencedirect.com', 'Male', '242 Bowman Road', 'Oullins'),
(198, 'Hastings', 'Dibbe', 'Hastings Dibbe', 'hdibbe5h@vk.com', '', '7899 Gateway Point', 'Trångsund'),
(199, 'Spencer', 'Thring', 'Spencer Thring', 'sthring5i@upenn.edu', 'Male', '3064 Arizona Pass', 'Kaminoyama'),
(200, 'Karia', 'Mulcahy', 'Karia Mulcahy', 'kmulcahy5j@geocities.jp', 'Female', '60564 Jenifer Drive', 'Tonga'),
(201, 'Anastasia', 'Sheavills', 'Anastasia Sheavills', 'asheavills5k@reference.com', 'Female', '83 Blue Bill Park Point', 'Hagonoy'),
(202, 'Clarence', 'Van der Velde', 'Clarence Van der Velde', 'cvandervelde5l@de.vu', 'Male', '5484 Scott Parkway', 'Stockholm'),
(203, 'Fancie', 'Amner', 'Fancie Amner', 'famner5m@oakley.com', 'Female', '0663 Kedzie Point', 'Patimuan'),
(204, 'Colin', 'Epsley', 'Colin Epsley', 'cepsley5n@wikia.com', 'Male', '8020 Ohio Crossing', 'Rosario'),
(205, 'Cornie', 'Cantillion', 'Cornie Cantillion', 'ccantillion5o@businesswire.com', 'Female', '4 Lakewood Gardens Terrace', 'Lexington'),
(206, 'Farand', 'O\'Teague', 'Farand O\'Teague', 'foteague5p@infoseek.co.jp', '', '468 Daystar Pass', 'Dazhangzhuang'),
(207, 'Konstance', 'Horsted', 'Konstance Horsted', 'khorsted5q@census.gov', 'Female', '81 Westport Alley', 'Farranacoush'),
(208, 'Glenden', 'McKoy', 'Glenden McKoy', 'gmckoy5r@sina.com.cn', 'Male', '664 Ryan Park', 'Strängnäs'),
(209, 'Kingsley', 'Peattie', 'Kingsley Peattie', 'kpeattie5s@hud.gov', 'Male', '1 Dapin Pass', 'Bakar'),
(210, 'Heriberto', 'Bartot', 'Heriberto Bartot', 'hbartot5t@samsung.com', 'Male', '474 Talisman Way', 'Dolní Rychnov'),
(211, 'Sherman', 'Sessuns', 'Sherman Sessuns', 'ssessuns5u@seesaa.net', 'Male', '6188 Burning Wood Court', 'Dawan'),
(212, 'Perceval', 'Causnett', 'Perceval Causnett', 'pcausnett5v@opera.com', 'Male', '6801 Mesta Street', 'Horred'),
(213, 'Bamby', 'Sperrett', 'Bamby Sperrett', 'bsperrett5w@statcounter.com', 'Female', '35 Kipling Point', 'Wolin'),
(214, 'Kary', 'Huddlestone', 'Kary Huddlestone', 'khuddlestone5x@java.com', '', '80 Cherokee Street', 'Dado'),
(215, 'Leonore', 'Sellner', 'Leonore Sellner', 'lsellner5y@scientificamerican.com', 'Female', '51 Corben Alley', 'Pizarro'),
(216, 'Shaun', 'Wivell', 'Shaun Wivell', 'swivell5z@chronoengine.com', 'Male', '32336 Hudson Park', 'T’aebaek'),
(217, 'Avrom', 'Randleson', 'Avrom Randleson', 'arandleson60@go.com', 'Male', '9408 Lunder Plaza', 'Moxi'),
(218, 'Gorden', 'Hendricks', 'Gorden Hendricks', 'ghendricks61@dmoz.org', 'Male', '825 Forest Run Street', 'Wangliao'),
(219, 'Broddy', 'Blampied', 'Broddy Blampied', 'bblampied62@tamu.edu', 'Male', '0465 Garrison Park', 'Yuwang'),
(220, 'Worden', 'Edghinn', 'Worden Edghinn', 'wedghinn63@squarespace.com', 'Male', '8 Union Parkway', 'Jalgung'),
(221, 'Claudell', 'Jefferd', 'Claudell Jefferd', 'cjefferd64@artisteer.com', 'Male', '0 Corben Lane', 'Gununglarang'),
(222, 'Mirna', 'Beasley', 'Mirna Beasley', 'mbeasley65@hubpages.com', 'Female', '4955 Dovetail Crossing', 'Salerno'),
(223, 'Ricky', 'Jeavons', 'Ricky Jeavons', 'rjeavons66@cnet.com', 'Male', '6 Laurel Center', 'Horta'),
(224, 'Ann', 'Painten', 'Ann Painten', 'apainten67@mit.edu', '', '915 Messerschmidt Road', 'Gandu'),
(225, 'Rasia', 'Lowers', 'Rasia Lowers', 'rlowers68@e-recht24.de', 'Female', '9031 Hollow Ridge Road', 'Hukou'),
(226, 'Erwin', 'Stringer', 'Erwin Stringer', 'estringer69@google.co.jp', 'Male', '1 Ridgeview Plaza', 'Lubuk Sikaping'),
(227, 'Alyssa', 'Roden', 'Alyssa Roden', 'aroden6a@state.tx.us', '', '72 Surrey Center', 'Medina Estates'),
(228, 'Hamnet', 'Petford', 'Hamnet Petford', 'hpetford6b@cargocollective.com', 'Male', '14 Milwaukee Hill', 'Bungoma'),
(229, 'Norton', 'MacKill', 'Norton MacKill', 'nmackill6c@istockphoto.com', '', '3440 Butternut Circle', 'Qiling'),
(230, 'Zora', 'Korneluk', 'Zora Korneluk', 'zkorneluk6d@engadget.com', 'Female', '66328 Monterey Junction', 'Dong Liang’erzhuang'),
(231, 'Haskell', 'Yerill', 'Haskell Yerill', 'hyerill6e@jimdo.com', 'Male', '73 Summit Circle', 'Yangfang'),
(232, 'Ricky', 'Wrigley', 'Ricky Wrigley', 'rwrigley6f@apple.com', '', '7 Blackbird Lane', 'Ngelak'),
(233, 'Jenny', 'Elcock', 'Jenny Elcock', 'jelcock6g@qq.com', 'Female', '63308 Saint Paul Point', 'Margherita'),
(234, 'Jase', 'Lathaye', 'Jase Lathaye', 'jlathaye6h@bigcartel.com', '', '01569 Petterle Plaza', 'Moneague'),
(235, 'Esme', 'Trethowan', 'Esme Trethowan', 'etrethowan6i@unicef.org', '', '140 Carberry Parkway', 'Ralung'),
(236, 'Cynthea', 'Welfare', 'Cynthea Welfare', 'cwelfare6j@sciencedaily.com', 'Female', '38808 Meadow Valley Road', 'Hannover'),
(237, 'Antone', 'MacCartan', 'Antone MacCartan', 'amaccartan6k@harvard.edu', 'Male', '6184 Northridge Court', 'Karasgede'),
(238, 'Maximilien', 'Jobin', 'Maximilien Jobin', 'mjobin6l@typepad.com', 'Male', '2 Truax Junction', 'Esperanza'),
(239, 'Ritchie', 'Klimontovich', 'Ritchie Klimontovich', 'rklimontovich6m@discuz.net', 'Male', '61 Dayton Park', 'Ḩalāwah'),
(240, 'Hendrik', 'Keach', 'Hendrik Keach', 'hkeach6n@unblog.fr', 'Male', '34995 Loeprich Point', 'Curitiba'),
(241, 'Merwyn', 'MacLaverty', 'Merwyn MacLaverty', 'mmaclaverty6o@godaddy.com', 'Male', '632 Westerfield Place', 'Lodoyo'),
(242, 'Sutton', 'Brauner', 'Sutton Brauner', 'sbrauner6p@squarespace.com', 'Male', '30329 Ohio Way', 'Cisitu'),
(243, 'Billie', 'Mackett', 'Billie Mackett', 'bmackett6q@privacy.gov.au', 'Male', '0 Clarendon Drive', 'Quanjiang'),
(244, 'Steven', 'Oultram', 'Steven Oultram', 'soultram6r@cargocollective.com', 'Male', '35 Westridge Lane', 'Ipoh'),
(245, 'Melba', 'Yukhnevich', 'Melba Yukhnevich', 'myukhnevich6s@yale.edu', 'Female', '163 Helena Court', 'Lac-Brome'),
(246, 'Andreas', 'Laroze', 'Andreas Laroze', 'alaroze6t@1688.com', 'Male', '1 Clyde Gallagher Plaza', 'Bekasi'),
(247, 'Ellis', 'Sallowaye', 'Ellis Sallowaye', 'esallowaye6u@weibo.com', 'Male', '454 Golf View Drive', 'Norberg'),
(248, 'Darline', 'Leeder', 'Darline Leeder', 'dleeder6v@upenn.edu', 'Female', '3 Rigney Road', 'Enzan'),
(249, 'Izabel', 'Mathiot', 'Izabel Mathiot', 'imathiot6w@devhub.com', 'Female', '28024 Helena Alley', 'Eskilstuna'),
(250, 'Bartholomew', 'Sowte', 'Bartholomew Sowte', 'bsowte6x@wordpress.org', 'Male', '5039 Union Avenue', 'Dologon'),
(251, 'Bethena', 'Saphir', 'Bethena Saphir', 'bsaphir6y@jigsy.com', 'Female', '4582 Clove Street', 'Rekowo Dolne'),
(252, 'Reginald', 'Piborn', 'Reginald Piborn', 'rpiborn6z@pbs.org', 'Male', '2760 Magdeline Place', 'Jian’ou'),
(253, 'Claudian', 'Ossenna', 'Claudian Ossenna', 'cossenna70@trellian.com', 'Male', '53 Delladonna Plaza', 'Marseille'),
(254, 'Caldwell', 'Worviell', 'Caldwell Worviell', 'cworviell71@businessweek.com', 'Male', '560 Stuart Parkway', 'Janów'),
(255, 'Lewie', 'Laugharne', 'Lewie Laugharne', 'llaugharne72@elegantthemes.com', 'Male', '57392 Spenser Center', 'Péplos'),
(256, 'Ev', 'Clemensen', 'Ev Clemensen', 'eclemensen73@1688.com', 'Male', '3909 Service Parkway', 'Psary'),
(257, 'Sheila-kathryn', 'Blankenship', 'Sheila-kathryn Blankenship', 'sblankenship74@dagondesign.com', 'Female', '867 Macpherson Circle', 'Lucas'),
(258, 'Tabatha', 'Mash', 'Tabatha Mash', 'tmash75@t.co', 'Female', '44746 Comanche Center', 'Guanajay'),
(259, 'Hamish', 'Loxton', 'Hamish Loxton', 'hloxton76@hibu.com', 'Male', '1980 Oriole Pass', 'Galyugayevskaya'),
(260, 'Bertie', 'Spurdens', 'Bertie Spurdens', 'bspurdens77@zdnet.com', 'Male', '37 Chinook Place', 'Taiqing'),
(261, 'Hatti', 'Keslake', 'Hatti Keslake', 'hkeslake78@nifty.com', 'Female', '33 Warner Avenue', 'Ishurdi'),
(262, 'Roosevelt', 'Ferrierio', 'Roosevelt Ferrierio', 'rferrierio79@de.vu', '', '1669 Oxford Parkway', 'Shahkot'),
(263, 'Kaspar', 'Olivi', 'Kaspar Olivi', 'kolivi7a@dot.gov', 'Male', '18103 Gerald Court', 'Yanfolila'),
(264, 'Janina', 'Kinnach', 'Janina Kinnach', 'jkinnach7b@netlog.com', 'Female', '4256 Hudson Lane', 'Lyski'),
(265, 'Beitris', 'Grubb', 'Beitris Grubb', 'bgrubb7c@nsw.gov.au', 'Female', '6 Lindbergh Crossing', 'Sakata'),
(266, 'Burt', 'Lundbech', 'Burt Lundbech', 'blundbech7d@timesonline.co.uk', 'Male', '3 Elgar Center', 'Machetá'),
(267, 'Helaine', 'Kender', 'Helaine Kender', 'hkender7e@microsoft.com', 'Female', '016 Harbort Point', 'Dome'),
(268, 'Myles', 'Caddy', 'Myles Caddy', 'mcaddy7f@addtoany.com', '', '86036 Hanson Trail', 'Krzemieniewo'),
(269, 'Rosaline', 'Reaper', 'Rosaline Reaper', 'rreaper7g@nydailynews.com', 'Female', '2663 Schiller Street', 'Serhetabat'),
(270, 'Bonni', 'Sprackling', 'Bonni Sprackling', 'bsprackling7h@g.co', 'Female', '734 Esch Terrace', 'Memphis'),
(271, 'Durante', 'Di Biagio', 'Durante Di Biagio', 'ddibiagio7i@home.pl', 'Male', '45326 Logan Pass', 'Lefkoniko'),
(272, 'Almire', 'Fagence', 'Almire Fagence', 'afagence7j@posterous.com', 'Female', '49553 Gale Point', 'Titao'),
(273, 'Susette', 'Jalland', 'Susette Jalland', 'sjalland7k@furl.net', 'Female', '4 Nelson Street', 'Nancy'),
(274, 'Scarlett', 'Liggins', 'Scarlett Liggins', 'sliggins7l@ask.com', 'Female', '85 Amoth Trail', 'Veinticinco de Mayo'),
(275, 'Roberta', 'Matessian', 'Roberta Matessian', 'rmatessian7m@rediff.com', 'Female', '9698 Lillian Plaza', 'Lagkadás'),
(276, 'Biddy', 'Coultous', 'Biddy Coultous', 'bcoultous7n@4shared.com', 'Female', '3600 Mcbride Parkway', 'Čair'),
(277, 'Winfield', 'Aimable', 'Winfield Aimable', 'waimable7o@dailymail.co.uk', 'Male', '2 Arkansas Court', 'Gandu'),
(278, 'Stepha', 'Saylor', 'Stepha Saylor', 'ssaylor7p@mapy.cz', '', '1266 Monument Park', 'Longfengba'),
(279, 'Feodor', 'Estevez', 'Feodor Estevez', 'festevez7q@hc360.com', 'Male', '1 Fuller Way', 'Gävle'),
(280, 'Chantal', 'Vaugham', 'Chantal Vaugham', 'cvaugham7r@reddit.com', 'Female', '8590 Holmberg Road', 'Karak City'),
(281, 'Loraine', 'Goatcher', 'Loraine Goatcher', 'lgoatcher7s@hc360.com', 'Female', '644 Jackson Drive', 'Richmond'),
(282, 'Jessie', 'Kynastone', 'Jessie Kynastone', 'jkynastone7t@ovh.net', 'Male', '579 Independence Center', 'Khuean Ubonrat'),
(283, 'Man', 'Corrington', 'Man Corrington', 'mcorrington7u@vimeo.com', 'Male', '41 Shasta Terrace', 'Sens'),
(284, 'Bliss', 'Davidai', 'Bliss Davidai', 'bdavidai7v@rediff.com', 'Female', '3 Bonner Lane', 'Tsurugi-asahimachi'),
(285, 'Bobbee', 'Sieve', 'Bobbee Sieve', 'bsieve7w@icio.us', 'Female', '68525 Morrow Terrace', 'Lañgub'),
(286, 'Noreen', 'Worthy', 'Noreen Worthy', 'nworthy7x@redcross.org', 'Female', '7 Sycamore Park', 'Bobota'),
(287, 'Kearney', 'Izkovicz', 'Kearney Izkovicz', 'kizkovicz7y@xrea.com', 'Male', '46 Portage Hill', 'Podsineye'),
(288, 'Gearard', 'Sunner', 'Gearard Sunner', 'gsunner7z@ebay.com', '', '78 Troy Hill', 'Buan'),
(289, 'Reeta', 'Barthrup', 'Reeta Barthrup', 'rbarthrup80@bandcamp.com', 'Female', '8 Grover Avenue', 'Kuiyong'),
(290, 'Fabe', 'Poore', 'Fabe Poore', 'fpoore81@symantec.com', 'Male', '49879 Waywood Pass', 'Ngampon'),
(291, 'Malachi', 'Colliss', 'Malachi Colliss', 'mcolliss82@gravatar.com', 'Male', '56 Pankratz Circle', 'Nový Bydžov'),
(292, 'Erwin', 'Spiers', 'Erwin Spiers', 'espiers83@nhs.uk', 'Male', '88063 Warbler Parkway', 'Figueira Castelo Rodrigo'),
(293, 'Sebastian', 'Adrienne', 'Sebastian Adrienne', 'sadrienne84@who.int', 'Male', '6 Cody Avenue', 'Río Alejandro'),
(294, 'Anthia', 'Peasnone', 'Anthia Peasnone', 'apeasnone85@digg.com', '', '98 Pearson Court', 'Damiao'),
(295, 'Celka', 'Cowndley', 'Celka Cowndley', 'ccowndley86@hc360.com', 'Female', '97 Dixon Crossing', 'Energetik'),
(296, 'Emlen', 'Featherston', 'Emlen Featherston', 'efeatherston87@clickbank.net', 'Male', '503 Ludington Street', 'Lady Grey'),
(297, 'Susanna', 'Mulrooney', 'Susanna Mulrooney', 'smulrooney88@ed.gov', 'Female', '75003 Old Gate Plaza', 'Gyōda'),
(298, 'Bryon', 'Burrells', 'Bryon Burrells', 'bburrells89@tmall.com', 'Male', '69813 Cordelia Plaza', 'Limon'),
(299, 'Sigrid', 'Cawt', 'Sigrid Cawt', 'scawt8a@simplemachines.org', 'Female', '84009 Ohio Way', 'Azua'),
(300, 'Evelyn', 'Trevain', 'Evelyn Trevain', 'etrevain8b@time.com', 'Male', '34187 South Terrace', 'Višňové'),
(301, 'Herta', 'Bes', 'Herta Bes', 'hbes8c@ucoz.com', 'Female', '9 Spohn Street', 'Birmingham'),
(302, 'Lilly', 'Devers', 'Lilly Devers', 'ldevers8d@deviantart.com', 'Female', '8 Pierstorff Park', 'Jaguarari'),
(303, 'Carol', 'Aslet', 'Carol Aslet', 'caslet8e@accuweather.com', 'Female', '93169 Sunbrook Trail', 'Shenzhengqiao'),
(304, 'Missie', 'Checcucci', 'Missie Checcucci', 'mcheccucci8f@g.co', 'Female', '9 Blue Bill Park Park', 'Laju Kidul'),
(305, 'Toby', 'Fullick', 'Toby Fullick', 'tfullick8g@youku.com', 'Female', '6028 Sundown Place', 'Błaszki'),
(306, 'Sergeant', 'Tock', 'Sergeant Tock', 'stock8h@nps.gov', 'Male', '7 Johnson Junction', 'Zhangjiagang'),
(307, 'Gill', 'Mithun', 'Gill Mithun', 'gmithun8i@spotify.com', 'Male', '376 Gateway Court', 'Bacacay'),
(308, 'Latashia', 'Warrell', 'Latashia Warrell', 'lwarrell8j@cisco.com', 'Female', '919 Hintze Circle', 'Heqiao'),
(309, 'Finley', 'Bonome', 'Finley Bonome', 'fbonome8k@nyu.edu', 'Male', '215 Vidon Junction', 'Mae Sai'),
(310, 'Craig', 'Quest', 'Craig Quest', 'cquest8l@springer.com', '', '706 Shopko Terrace', 'Insiza'),
(311, 'Morry', 'Fishenden', 'Morry Fishenden', 'mfishenden8m@whitehouse.gov', 'Male', '536 Mandrake Alley', 'Rozhnyativ'),
(312, 'Klemens', 'Tomaino', 'Klemens Tomaino', 'ktomaino8n@time.com', 'Male', '34 Johnson Road', 'Insrom'),
(313, 'Orton', 'Costi', 'Orton Costi', 'ocosti8o@plala.or.jp', 'Male', '5 Melrose Road', 'Gines-Patay'),
(314, 'Liza', 'Shortell', 'Liza Shortell', 'lshortell8p@imdb.com', 'Female', '0406 Emmet Drive', 'Carania'),
(315, 'Whitaker', 'Coping', 'Whitaker Coping', 'wcoping8q@adobe.com', 'Male', '21062 Kings Lane', 'Ntoum'),
(316, 'Raoul', 'Doles', 'Raoul Doles', 'rdoles8r@bigcartel.com', 'Male', '5445 Bashford Plaza', 'Ibirataia'),
(317, 'Rickey', 'Granleese', 'Rickey Granleese', 'rgranleese8s@wikispaces.com', 'Male', '77031 Sunbrook Drive', 'Cijoho'),
(318, 'Cort', 'Tunnicliffe', 'Cort Tunnicliffe', 'ctunnicliffe8t@devhub.com', 'Male', '82285 Jenifer Pass', 'Zaytā Jammā‘īn'),
(319, 'Dion', 'Idle', 'Dion Idle', 'didle8u@ucsd.edu', 'Male', '2 Schlimgen Junction', 'Patarrá'),
(320, 'Jillane', 'Lequeux', 'Jillane Lequeux', 'jlequeux8v@simplemachines.org', 'Female', '28 Grayhawk Drive', 'Shatian'),
(321, 'Byrle', 'Roughey', 'Byrle Roughey', 'broughey8w@ucoz.com', 'Male', '00 Evergreen Circle', 'Carleton-sur-Mer'),
(322, 'Jdavie', 'Mallindine', 'Jdavie Mallindine', 'jmallindine8x@opera.com', 'Male', '5850 Chinook Parkway', 'Lacabamba'),
(323, 'Geralda', 'Courtois', 'Geralda Courtois', 'gcourtois8y@usda.gov', 'Female', '25 Brickson Park Pass', 'Walahir'),
(324, 'Julina', 'Stork', 'Julina Stork', 'jstork8z@hostgator.com', 'Female', '89169 Hollow Ridge Plaza', 'Buchlovice'),
(325, 'Osborne', 'Catenot', 'Osborne Catenot', 'ocatenot90@ezinearticles.com', 'Male', '385 Grim Court', 'Lübeck'),
(326, 'Boyd', 'Comer', 'Boyd Comer', 'bcomer91@theatlantic.com', 'Male', '5788 Hooker Court', 'Aizkraukle'),
(327, 'Judye', 'Twamley', 'Judye Twamley', 'jtwamley92@fastcompany.com', 'Female', '0 Colorado Park', 'Wieniawa'),
(328, 'Gabrielle', 'Baake', 'Gabrielle Baake', 'gbaake93@xing.com', 'Female', '244 Iowa Court', 'Lyon'),
(329, 'Orton', 'Brixey', 'Orton Brixey', 'obrixey94@github.com', 'Male', '09 5th Point', 'Shuiting'),
(330, 'Shea', 'Akred', 'Shea Akred', 'sakred95@tumblr.com', 'Male', '9380 Eastlawn Hill', 'Sebba'),
(331, 'Isadore', 'Doghartie', 'Isadore Doghartie', 'idoghartie96@facebook.com', 'Male', '56 Pepper Wood Place', 'Ayrihuanca'),
(332, 'Eilis', 'Snowding', 'Eilis Snowding', 'esnowding97@latimes.com', 'Female', '12 Logan Pass', 'Topi'),
(333, 'Shae', 'Burchmore', 'Shae Burchmore', 'sburchmore98@comcast.net', 'Female', '6 8th Center', 'Ingarö'),
(334, 'Harlie', 'MacAirt', 'Harlie MacAirt', 'hmacairt99@bigcartel.com', 'Female', '971 East Junction', 'Sumberjo'),
(335, 'Risa', 'Fisbey', 'Risa Fisbey', 'rfisbey9a@theatlantic.com', 'Female', '513 Lakeland Pass', 'Petoa'),
(336, 'Bill', 'Ingliby', 'Bill Ingliby', 'bingliby9b@amazon.com', 'Male', '781 Fairview Drive', 'Volzhskiy'),
(337, 'Elizabeth', 'Barenski', 'Elizabeth Barenski', 'ebarenski9c@elegantthemes.com', 'Female', '1 Kingsford Center', 'Furudate'),
(338, 'Dwain', 'Aulsford', 'Dwain Aulsford', 'daulsford9d@vk.com', '', '751 Colorado Street', 'Gandrungmangu'),
(339, 'Dodi', 'Chinnock', 'Dodi Chinnock', 'dchinnock9e@earthlink.net', 'Female', '05876 Sloan Trail', 'Shun’ga'),
(340, 'Ellyn', 'Jinks', 'Ellyn Jinks', 'ejinks9f@dot.gov', 'Female', '97310 Bobwhite Place', 'Rokietnica'),
(341, 'Ethelin', 'Kingswold', 'Ethelin Kingswold', 'ekingswold9g@google.co.jp', 'Female', '69 Grasskamp Road', 'Avranches'),
(342, 'Ilise', 'Roback', 'Ilise Roback', 'iroback9h@xing.com', '', '7 Jay Pass', 'Valdice'),
(343, 'Oralla', 'Kehir', 'Oralla Kehir', 'okehir9i@a8.net', 'Female', '44 Emmet Park', 'Zaytā'),
(344, 'Mathilde', 'Challiner', 'Mathilde Challiner', 'mchalliner9j@dedecms.com', 'Female', '750 Victoria Trail', 'Igarapé'),
(345, 'Jasmin', 'Jakoubek', 'Jasmin Jakoubek', 'jjakoubek9k@cnbc.com', '', '9053 Cambridge Terrace', 'Cluny'),
(346, 'Avram', 'Gyrgorcewicx', 'Avram Gyrgorcewicx', 'agyrgorcewicx9l@bizjournals.com', 'Male', '284 Mcbride Lane', 'Tantu'),
(347, 'Oates', 'Bramhill', 'Oates Bramhill', 'obramhill9m@microsoft.com', 'Male', '3 Farmco Place', 'Amadeo'),
(348, 'Phillida', 'Stalley', 'Phillida Stalley', 'pstalley9n@imageshack.us', 'Female', '5 Pankratz Way', 'Rubiataba'),
(349, 'Linnet', 'Pointon', 'Linnet Pointon', 'lpointon9o@ibm.com', 'Female', '539 Alpine Way', 'Runka'),
(350, 'Rad', 'Graveney', 'Rad Graveney', 'rgraveney9p@ning.com', 'Male', '67 Northport Point', 'Budzów'),
(351, 'Giulia', 'Allerton', 'Giulia Allerton', 'gallerton9q@shutterfly.com', 'Female', '09753 Heffernan Point', 'Ibiúna'),
(352, 'Redford', 'Hanaford', 'Redford Hanaford', 'rhanaford9r@scientificamerican.com', 'Male', '5 Sherman Way', 'Planovskoye'),
(353, 'Roland', 'Patten', 'Roland Patten', 'rpatten9s@bizjournals.com', 'Male', '7 Artisan Park', 'Energeticheskiy'),
(354, 'Stevie', 'Millmoe', 'Stevie Millmoe', 'smillmoe9t@prlog.org', 'Male', '97 Glacier Hill Alley', 'Kamsack'),
(355, 'Juline', 'Chilley', 'Juline Chilley', 'jchilley9u@ow.ly', 'Female', '6 Shoshone Terrace', 'Kalahang'),
(356, 'Wilie', 'Baack', 'Wilie Baack', 'wbaack9v@google.ru', 'Female', '5 Summit Court', 'Pinheiral'),
(357, 'Laural', 'Crossfield', 'Laural Crossfield', 'lcrossfield9w@discovery.com', 'Female', '7703 Carey Place', 'Pantin'),
(358, 'Storm', 'Abramowitch', 'Storm Abramowitch', 'sabramowitch9x@aol.com', 'Female', '441 Manufacturers Trail', 'Calaba'),
(359, 'Ardelle', 'McJerrow', 'Ardelle McJerrow', 'amcjerrow9y@aol.com', '', '98381 Becker Park', 'Lindavista'),
(360, 'Drugi', 'Veeler', 'Drugi Veeler', 'dveeler9z@alexa.com', 'Male', '6098 Hanover Crossing', 'Kouqian'),
(361, 'Elizabeth', 'Underhill', 'Elizabeth Underhill', 'eunderhilla0@apache.org', 'Female', '82 Hanson Park', 'Nanyang'),
(362, 'Fleur', 'Lundie', 'Fleur Lundie', 'flundiea1@yahoo.com', 'Female', '3477 Chive Point', 'Pingshi'),
(363, 'Donaugh', 'Jelphs', 'Donaugh Jelphs', 'djelphsa2@cam.ac.uk', '', '95 Continental Terrace', 'Konde'),
(364, 'Rafaelia', 'Winward', 'Rafaelia Winward', 'rwinwarda3@posterous.com', '', '87 Pawling Center', 'Houzhen'),
(365, 'Ebenezer', 'Brown', 'Ebenezer Brown', 'ebrowna4@usda.gov', '', '146 Stephen Avenue', 'Porciúncula'),
(366, 'Tuesday', 'Gilardi', 'Tuesday Gilardi', 'tgilardia5@1und1.de', 'Female', '41888 Kingsford Court', 'Lebak'),
(367, 'Ezequiel', 'Bartlosz', 'Ezequiel Bartlosz', 'ebartlosza6@msn.com', 'Male', '6566 Lakeland Junction', 'Rouen'),
(368, 'Ruthanne', 'Arundell', 'Ruthanne Arundell', 'rarundella7@dailymail.co.uk', 'Female', '313 Oak Valley Pass', 'Oslo'),
(369, 'Wendell', 'MacNess', 'Wendell MacNess', 'wmacnessa8@ustream.tv', 'Male', '851 Bluejay Pass', 'Curridabat'),
(370, 'Gerry', 'Rattrie', 'Gerry Rattrie', 'grattriea9@miibeian.gov.cn', 'Male', '35 Forest Dale Center', 'Fenglai'),
(371, 'Milli', 'McNally', 'Milli McNally', 'mmcnallyaa@miibeian.gov.cn', 'Female', '518 Moulton Place', 'Rancabelut'),
(372, 'Nicky', 'Glasard', 'Nicky Glasard', 'nglasardab@ezinearticles.com', 'Female', '856 Gateway Alley', 'Dayr Abū Ḑa‘īf'),
(373, 'Forrester', 'Wilcott', 'Forrester Wilcott', 'fwilcottac@epa.gov', 'Male', '24 Red Cloud Park', 'Jiji'),
(374, 'Randolph', 'Clowton', 'Randolph Clowton', 'rclowtonad@ucla.edu', 'Male', '10 Porter Plaza', 'Kunri'),
(375, 'Lydie', 'Isakovic', 'Lydie Isakovic', 'lisakovicae@parallels.com', 'Female', '06847 Killdeer Junction', 'Ingersoll'),
(376, 'Eugenia', 'Ince', 'Eugenia Ince', 'einceaf@apple.com', 'Female', '44774 Sauthoff Drive', 'Varge Mondar'),
(377, 'Brena', 'Perton', 'Brena Perton', 'bpertonag@weibo.com', 'Female', '0674 Manitowish Point', 'Pamplona/Iruña'),
(378, 'Jade', 'O\'Looney', 'Jade O\'Looney', 'jolooneyah@economist.com', 'Female', '77802 Warrior Lane', 'Youhao'),
(379, 'Rozele', 'Landsbury', 'Rozele Landsbury', 'rlandsburyai@redcross.org', 'Female', '683 Farwell Crossing', 'Morani'),
(380, 'Cleveland', 'Haslehurst', 'Cleveland Haslehurst', 'chaslehurstaj@epa.gov', 'Male', '60 Pleasure Street', 'Mutoko'),
(381, 'Ines', 'Varney', 'Ines Varney', 'ivarneyak@jimdo.com', 'Female', '6318 Rutledge Road', 'Fort Wayne'),
(382, 'Hans', 'Bibb', 'Hans Bibb', 'hbibbal@gnu.org', 'Male', '386 Browning Center', 'Benešov nad Černou'),
(383, 'Ingelbert', 'Allawy', 'Ingelbert Allawy', 'iallawyam@symantec.com', 'Male', '6 Meadow Ridge Avenue', 'Waldbredimus'),
(384, 'Verla', 'Keightley', 'Verla Keightley', 'vkeightleyan@indiegogo.com', '', '0253 Browning Park', 'Brody'),
(385, 'Renae', 'Brister', 'Renae Brister', 'rbristerao@youtu.be', 'Female', '22 Beilfuss Hill', 'Ambon'),
(386, 'Travus', 'Cartner', 'Travus Cartner', 'tcartnerap@chronoengine.com', '', '44144 Hauk Trail', 'Shazhou'),
(387, 'Claudine', 'Ciccarelli', 'Claudine Ciccarelli', 'cciccarelliaq@yolasite.com', 'Female', '449 Monument Terrace', 'Yangjiaqiao'),
(388, 'Patrick', 'Mathiot', 'Patrick Mathiot', 'pmathiotar@howstuffworks.com', '', '59 Bluejay Point', 'Butiá'),
(389, 'Sid', 'Joll', 'Sid Joll', 'sjollas@vinaora.com', 'Male', '71 Mitchell Street', 'Xinjie'),
(390, 'Quintilla', 'Rossborough', 'Quintilla Rossborough', 'qrossboroughat@dell.com', 'Female', '7131 Sachs Street', 'Cikawung'),
(391, 'Mervin', 'Jonas', 'Mervin Jonas', 'mjonasau@163.com', '', '89848 Crownhardt Way', 'Jiedu'),
(392, 'Neilla', 'Cannon', 'Neilla Cannon', 'ncannonav@buzzfeed.com', 'Female', '1 Lake View Way', 'Dongxiaokou'),
(393, 'Dot', 'Tollit', 'Dot Tollit', 'dtollitaw@about.me', 'Female', '7607 Dexter Pass', 'Amiens'),
(394, 'Paquito', 'Dorot', 'Paquito Dorot', 'pdorotax@cnet.com', 'Male', '54 Northwestern Junction', 'Lenešice'),
(395, 'Deeanne', 'Woloschin', 'Deeanne Woloschin', 'dwoloschinay@msn.com', 'Female', '0 Garrison Trail', 'Samara'),
(396, 'Izaak', 'Emblem', 'Izaak Emblem', 'iemblemaz@nih.gov', 'Male', '10985 Old Shore Hill', 'København'),
(397, 'Friedrich', 'Withey', 'Friedrich Withey', 'fwitheyb0@unblog.fr', 'Male', '9 Vernon Road', 'Amherst'),
(398, 'Berne', 'Dalloway', 'Berne Dalloway', 'bdallowayb1@cnbc.com', 'Male', '4645 Sommers Hill', 'Kungur'),
(399, 'Belle', 'Rivel', 'Belle Rivel', 'brivelb2@163.com', 'Female', '6528 Delaware Place', 'Zheleznodorozhnyy'),
(400, 'Tomasine', 'Milne', 'Tomasine Milne', 'tmilneb3@buzzfeed.com', 'Female', '30 Hollow Ridge Road', 'Yixing'),
(401, 'Yardley', 'Rous', 'Yardley Rous', 'yrousb4@feedburner.com', 'Male', '67399 High Crossing Road', 'Kafue'),
(402, 'Jenifer', 'Smallman', 'Jenifer Smallman', 'jsmallmanb5@nytimes.com', 'Female', '6738 Lakeland Circle', 'Aglalana'),
(403, 'Dorri', 'Stapforth', 'Dorri Stapforth', 'dstapforthb6@dyndns.org', '', '47 Larry Hill', 'Capioví'),
(404, 'Ciro', 'Barwise', 'Ciro Barwise', 'cbarwiseb7@pen.io', 'Male', '81432 Burning Wood Trail', 'Tatuí'),
(405, 'Kenneth', 'Borres', 'Kenneth Borres', 'kborresb8@walmart.com', 'Male', '30051 Walton Circle', 'Kikerino'),
(406, 'Lannie', 'Minchinton', 'Lannie Minchinton', 'lminchintonb9@bbc.co.uk', 'Male', '98 Annamark Parkway', 'Lieksa'),
(407, 'Erek', 'Venables', 'Erek Venables', 'evenablesba@thetimes.co.uk', 'Male', '8250 Fair Oaks Parkway', 'Tianxin'),
(408, 'Micky', 'Treen', 'Micky Treen', 'mtreenbb@photobucket.com', 'Female', '2 Mayfield Alley', 'Opechenskiy Posad'),
(409, 'Susanetta', 'Feilden', 'Susanetta Feilden', 'sfeildenbc@washington.edu', 'Female', '08117 Jenna Lane', 'San Pedro'),
(410, 'Britteny', 'Storm', 'Britteny Storm', 'bstormbd@prweb.com', 'Female', '2 Dottie Road', 'Koltushi'),
(411, 'Bel', 'Scruton', 'Bel Scruton', 'bscrutonbe@goo.gl', 'Female', '34845 North Pass', 'Sukoanyar'),
(412, 'Arnie', 'Neaves', 'Arnie Neaves', 'aneavesbf@washington.edu', 'Male', '8 Beilfuss Hill', 'Saladas'),
(413, 'Forrest', 'Hammatt', 'Forrest Hammatt', 'fhammattbg@berkeley.edu', 'Male', '0692 Londonderry Terrace', 'Wilmington'),
(414, 'Lynne', 'Bowton', 'Lynne Bowton', 'lbowtonbh@mlb.com', 'Female', '90 Rockefeller Pass', 'Saint-Constant'),
(415, 'Raphael', 'Gatchel', 'Raphael Gatchel', 'rgatchelbi@twitter.com', 'Male', '543 Birchwood Avenue', 'Staraya Ladoga'),
(416, 'Ronnica', 'Tandy', 'Ronnica Tandy', 'rtandybj@chron.com', 'Female', '098 Toban Junction', 'Oslo'),
(417, 'Oswell', 'Bollans', 'Oswell Bollans', 'obollansbk@alexa.com', 'Male', '45 Hazelcrest Center', 'San Miguel'),
(418, 'Ricky', 'Durbin', 'Ricky Durbin', 'rdurbinbl@dailymail.co.uk', 'Male', '79518 Heffernan Drive', 'Xiyuan'),
(419, 'Shepherd', 'Davydkov', 'Shepherd Davydkov', 'sdavydkovbm@smugmug.com', 'Male', '5 Waubesa Court', 'Drzewica'),
(420, 'Edwina', 'Cupper', 'Edwina Cupper', 'ecupperbn@who.int', 'Female', '43064 Melody Court', 'Wonocoyo Utara'),
(421, 'Maria', 'Kock', 'Maria Kock', 'mkockbo@samsung.com', 'Female', '1497 Nevada Lane', 'Moscow'),
(422, 'Zebulon', 'Newiss', 'Zebulon Newiss', 'znewissbp@google.pl', 'Male', '2 American Ash Terrace', 'Qiankou'),
(423, 'Cyndy', 'Burcombe', 'Cyndy Burcombe', 'cburcombebq@de.vu', 'Female', '262 Larry Junction', 'Balogo'),
(424, 'Jillayne', 'Skaife d\'Ingerthorpe', 'Jillayne Skaife d\'Ingerthorpe', 'jskaifedingerthorpebr@guardian.co.uk', 'Female', '16153 Acker Avenue', 'Melekyne'),
(425, 'Ermentrude', 'Kunkel', 'Ermentrude Kunkel', 'ekunkelbs@oakley.com', 'Female', '94 Montana Circle', 'Licheng'),
(426, 'Danna', 'Hargitt', 'Danna Hargitt', 'dhargittbt@qq.com', 'Female', '544 Chinook Trail', 'Sanlanbahai'),
(427, 'Ruth', 'Burden', 'Ruth Burden', 'rburdenbu@bizjournals.com', 'Female', '66 Nevada Hill', 'Kobayashi'),
(428, 'Frasquito', 'Grewe', 'Frasquito Grewe', 'fgrewebv@joomla.org', 'Male', '77971 Iowa Street', 'Poitiers'),
(429, 'Kristo', 'Chasemoore', 'Kristo Chasemoore', 'kchasemoorebw@163.com', 'Male', '6476 Summit Place', 'Licun'),
(430, 'Lowrance', 'Drain', 'Lowrance Drain', 'ldrainbx@earthlink.net', 'Male', '37 Village Green Parkway', 'Asen'),
(431, 'Cyndi', 'Isaac', 'Cyndi Isaac', 'cisaacby@foxnews.com', 'Female', '0090 Mccormick Way', 'Lawonda'),
(432, 'Trev', 'Broadey', 'Trev Broadey', 'tbroadeybz@tinypic.com', 'Male', '2 North Center', 'Göteborg'),
(433, 'Mina', 'Tubbles', 'Mina Tubbles', 'mtubblesc0@huffingtonpost.com', 'Female', '1428 Larry Hill', 'Saint-Claude'),
(434, 'Eb', 'Writtle', 'Eb Writtle', 'ewrittlec1@ox.ac.uk', '', '8 Ridge Oak Terrace', 'Milton'),
(435, 'Juan', 'Hanratty', 'Juan Hanratty', 'jhanrattyc2@intel.com', '', '59 Rockefeller Avenue', 'Bhola'),
(436, 'Karylin', 'Bomfield', 'Karylin Bomfield', 'kbomfieldc3@reuters.com', 'Female', '22 Mesta Circle', 'Korsze'),
(437, 'Bone', 'Harlock', 'Bone Harlock', 'bharlockc4@archive.org', 'Male', '1 Briar Crest Alley', 'Polykárpi'),
(438, 'Siana', 'Pockett', 'Siana Pockett', 'spockettc5@imdb.com', 'Female', '04 Russell Pass', 'Hancheng'),
(439, 'Amandie', 'Korbmaker', 'Amandie Korbmaker', 'akorbmakerc6@google.com.au', 'Female', '462 Northport Court', 'Bandhagen'),
(440, 'Lamond', 'Cranston', 'Lamond Cranston', 'lcranstonc7@wix.com', 'Male', '0 Tony Terrace', 'Shuiting'),
(441, 'Ilyssa', 'Dioniso', 'Ilyssa Dioniso', 'idionisoc8@blogtalkradio.com', 'Female', '9 Division Alley', 'Valence');
INSERT INTO `customers` (`id`, `first_name`, `last_name`, `full_name`, `email`, `gender`, `street`, `city`) VALUES
(442, 'Patience', 'Matuszkiewicz', 'Patience Matuszkiewicz', 'pmatuszkiewiczc9@plala.or.jp', '', '9709 Kipling Point', 'Narva-Jõesuu'),
(443, 'Clay', 'Beaty', 'Clay Beaty', 'cbeatyca@mapy.cz', 'Male', '71641 6th Junction', 'Mwinilunga'),
(444, 'Timotheus', 'Cansdill', 'Timotheus Cansdill', 'tcansdillcb@tiny.cc', 'Male', '893 Merrick Lane', 'General Pico'),
(445, 'Marlow', 'Callear', 'Marlow Callear', 'mcallearcc@unicef.org', 'Male', '22 Memorial Lane', 'Lgota Wielka'),
(446, 'Caitrin', 'Spinige', 'Caitrin Spinige', 'cspinigecd@shutterfly.com', 'Female', '1811 Montana Drive', 'Niechanowo'),
(447, 'Robinet', 'Greenroad', 'Robinet Greenroad', 'rgreenroadce@seattletimes.com', 'Female', '796 Cambridge Point', 'Lleida'),
(448, 'Ame', 'Swash', 'Ame Swash', 'aswashcf@shop-pro.jp', 'Female', '71845 Charing Cross Alley', 'Las Heras'),
(449, 'Meridel', 'MacManus', 'Meridel MacManus', 'mmacmanuscg@blogtalkradio.com', 'Female', '34 Arizona Pass', 'Shangjiangxu'),
(450, 'Celestia', 'Elphee', 'Celestia Elphee', 'celpheech@unesco.org', 'Female', '81 Eastlawn Trail', 'Ban Mo'),
(451, 'Ardene', 'Cogar', 'Ardene Cogar', 'acogarci@mapy.cz', 'Female', '592 Bunting Park', 'Tokarnia'),
(452, 'Tonnie', 'Rapin', 'Tonnie Rapin', 'trapincj@github.com', 'Male', '9 Lyons Parkway', 'Burbank'),
(453, 'Leta', 'Crellin', 'Leta Crellin', 'lcrellinck@theguardian.com', 'Female', '2 Burning Wood Drive', 'Midrand'),
(454, 'Ethelda', 'Tieraney', 'Ethelda Tieraney', 'etieraneycl@berkeley.edu', 'Female', '7 Iowa Trail', 'Serednye Vodyane'),
(455, 'Alyosha', 'Siviour', 'Alyosha Siviour', 'asiviourcm@spotify.com', 'Male', '6 Farwell Terrace', 'Almirante Tamandaré'),
(456, 'Bondon', 'Fulstow', 'Bondon Fulstow', 'bfulstowcn@amazonaws.com', 'Male', '9 Mockingbird Crossing', 'El Tambo'),
(457, 'Euphemia', 'Newlands', 'Euphemia Newlands', 'enewlandsco@xrea.com', 'Female', '1 Rowland Park', 'Amaury'),
(458, 'Lucho', 'Puddephatt', 'Lucho Puddephatt', 'lpuddephattcp@opensource.org', '', '2 Delaware Point', 'Altıağac'),
(459, 'Heath', 'Roust', 'Heath Roust', 'hroustcq@hibu.com', 'Male', '311 Jay Alley', 'Arlöv'),
(460, 'Aline', 'Cuerda', 'Aline Cuerda', 'acuerdacr@bbb.org', 'Female', '80618 Summerview Way', 'Sułoszowa'),
(461, 'Germain', 'Wincott', 'Germain Wincott', 'gwincottcs@drupal.org', 'Female', '60 Weeping Birch Alley', 'Dasha'),
(462, 'Darla', 'Kielty', 'Darla Kielty', 'dkieltyct@craigslist.org', 'Female', '99857 Sommers Center', 'Koblain'),
(463, 'Kenna', 'Onion', 'Kenna Onion', 'konioncu@spiegel.de', 'Female', '958 Kedzie Plaza', 'Karema'),
(464, 'Gav', 'Grundey', 'Gav Grundey', 'ggrundeycv@uol.com.br', 'Male', '47 Mayfield Pass', 'Jianguo'),
(465, 'Victoria', 'Hatherley', 'Victoria Hatherley', 'vhatherleycw@google.com.br', 'Female', '0 Maywood Junction', 'Kumlinge'),
(466, 'Stevana', 'Wauchope', 'Stevana Wauchope', 'swauchopecx@123-reg.co.uk', 'Female', '156 Shoshone Parkway', 'Pingyin'),
(467, 'Richie', 'Friedman', 'Richie Friedman', 'rfriedmancy@4shared.com', 'Male', '15600 Arapahoe Pass', 'Pandean'),
(468, 'Burlie', 'Howsden', 'Burlie Howsden', 'bhowsdencz@mysql.com', 'Male', '345 Marquette Center', 'Pasuruan'),
(469, 'Niel', 'Hanalan', 'Niel Hanalan', 'nhanaland0@jigsy.com', '', '34 Sloan Terrace', 'Dammarie-les-Lys'),
(470, 'Cobbie', 'Bonhan', 'Cobbie Bonhan', 'cbonhand1@walmart.com', 'Male', '67298 Lyons Lane', 'Nowe'),
(471, 'Menard', 'Avrahm', 'Menard Avrahm', 'mavrahmd2@example.com', 'Male', '33069 Clemons Point', 'Labansari'),
(472, 'Ann', 'Marvell', 'Ann Marvell', 'amarvelld3@1und1.de', 'Female', '0 Bashford Alley', 'Patrocínio'),
(473, 'Aurelea', 'Clews', 'Aurelea Clews', 'aclewsd4@who.int', 'Female', '3 Moulton Terrace', 'Czernice Borowe'),
(474, 'Darbee', 'Nardi', 'Darbee Nardi', 'dnardid5@constantcontact.com', 'Male', '1 Killdeer Crossing', 'Sumberrejo'),
(475, 'Maren', 'Hannah', 'Maren Hannah', 'mhannahd6@exblog.jp', '', '88 Hayes Street', 'Guaçuí'),
(476, 'Idalia', 'Caunter', 'Idalia Caunter', 'icaunterd7@indiatimes.com', 'Female', '5379 Monica Trail', 'Tinaquillo'),
(477, 'Aleksandr', 'Youngman', 'Aleksandr Youngman', 'ayoungmand8@skyrock.com', 'Male', '0203 Karstens Alley', 'Linköping'),
(478, 'Magnum', 'Regglar', 'Magnum Regglar', 'mregglard9@t.co', 'Male', '828 Stoughton Circle', 'Idrinskoye'),
(479, 'Aaron', 'Littler', 'Aaron Littler', 'alittlerda@hud.gov', 'Male', '2134 Tennyson Crossing', 'Ganting'),
(480, 'Nan', 'Budcock', 'Nan Budcock', 'nbudcockdb@wunderground.com', 'Female', '05110 Stoughton Place', 'Macheng'),
(481, 'Noak', 'Gaffon', 'Noak Gaffon', 'ngaffondc@aboutads.info', 'Male', '6118 Morrow Parkway', 'Shixian'),
(482, 'Charisse', 'Ebbers', 'Charisse Ebbers', 'cebbersdd@latimes.com', 'Female', '2 Riverside Parkway', 'Kashin'),
(483, 'Shaine', 'Haimes', 'Shaine Haimes', 'shaimesde@msn.com', 'Female', '83 Algoma Lane', 'Chicago'),
(484, 'Clarinda', 'Vankov', 'Clarinda Vankov', 'cvankovdf@php.net', 'Female', '1937 Monument Lane', 'Al Ḩaffah'),
(485, 'Gallagher', 'Gorey', 'Gallagher Gorey', 'ggoreydg@pagesperso-orange.fr', 'Male', '7 Merchant Junction', 'Canggetelo'),
(486, 'Maynord', 'Trynor', 'Maynord Trynor', 'mtrynordh@360.cn', 'Male', '4644 Chive Crossing', 'Higashine'),
(487, 'Philip', 'Buttery', 'Philip Buttery', 'pbutterydi@jigsy.com', 'Male', '88270 Morning Court', 'Chaoyang'),
(488, 'Olenka', 'Fragino', 'Olenka Fragino', 'ofraginodj@eventbrite.com', 'Female', '790 Blaine Pass', 'Dongling'),
(489, 'Gwenora', 'Yakubov', 'Gwenora Yakubov', 'gyakubovdk@geocities.jp', '', '66 Burrows Place', 'Doksy'),
(490, 'Gage', 'Kanter', 'Gage Kanter', 'gkanterdl@t-online.de', 'Male', '9340 Gina Hill', 'Tashtagol'),
(491, 'Aylmer', 'Topp', 'Aylmer Topp', 'atoppdm@wordpress.org', '', '04303 Bowman Trail', 'Ostojićevo'),
(492, 'Renaldo', 'Saill', 'Renaldo Saill', 'rsailldn@istockphoto.com', 'Male', '84053 Lunder Lane', 'Potou'),
(493, 'Bronson', 'Eliasen', 'Bronson Eliasen', 'beliasendo@army.mil', '', '32 1st Plaza', 'Parikkala'),
(494, 'Corbet', 'Maystone', 'Corbet Maystone', 'cmaystonedp@smh.com.au', 'Male', '96 Graedel Parkway', 'Sangatta'),
(495, 'Kincaid', 'Saint', 'Kincaid Saint', 'ksaintdq@rediff.com', 'Male', '0361 Forest Dale Street', 'Huangqi'),
(496, 'Carlos', 'Seaking', 'Carlos Seaking', 'cseakingdr@bbb.org', 'Male', '853 Morningstar Drive', 'Semamung'),
(497, 'Gerhard', 'Bortoluzzi', 'Gerhard Bortoluzzi', 'gbortoluzzids@icq.com', '', '3 Sage Place', 'Lapuyan'),
(498, 'Sebastian', 'Timms', 'Sebastian Timms', 'stimmsdt@over-blog.com', 'Male', '8 Daystar Crossing', 'Mariestad'),
(499, 'Jedediah', 'Joppich', 'Jedediah Joppich', 'jjoppichdu@ameblo.jp', 'Male', '93657 Bashford Street', 'Laoxialu'),
(500, 'Annice', 'Beller', 'Annice Beller', 'abellerdv@wikimedia.org', 'Female', '0 Stuart Street', 'Nevel’'),
(501, 'Hillary', 'Fantini', 'Hillary Fantini', 'hfantinidw@youtu.be', 'Male', '4 Reinke Center', 'København'),
(502, 'Skipper', 'Fifield', 'Skipper Fifield', 'sfifielddx@ed.gov', '', '23 Briar Crest Crossing', 'Pionerskiy'),
(503, 'Alexandrina', 'Sallis', 'Alexandrina Sallis', 'asallisdy@de.vu', 'Female', '7224 Straubel Lane', 'Jijiang'),
(504, 'Elva', 'Bodd', 'Elva Bodd', 'ebodddz@de.vu', 'Female', '12 Schurz Circle', 'Leiling'),
(505, 'Yolanda', 'Full', 'Yolanda Full', 'yfulle0@yolasite.com', 'Female', '337 Knutson Drive', 'Kurye'),
(506, 'Susan', 'Skeel', 'Susan Skeel', 'sskeele1@technorati.com', '', '02 Gerald Trail', 'São Lourenço de Mamporcão'),
(507, 'Ashlee', 'Willan', 'Ashlee Willan', 'awillane2@si.edu', 'Female', '2529 Morning Hill', 'Unaizah'),
(508, 'Alexandra', 'Assard', 'Alexandra Assard', 'aassarde3@wordpress.org', 'Female', '41261 Everett Way', 'Naberera'),
(509, 'Humbert', 'Gwyneth', 'Humbert Gwyneth', 'hgwynethe4@mediafire.com', 'Male', '075 Main Center', 'Krapina'),
(510, 'Nikolas', 'Goudard', 'Nikolas Goudard', 'ngoudarde5@clickbank.net', 'Male', '99 Chinook Terrace', 'Paiisa'),
(511, 'Dalia', 'Pettifor', 'Dalia Pettifor', 'dpettifore6@va.gov', 'Female', '41425 Veith Way', 'Bartolomé Masó'),
(512, 'Cesar', 'Schirok', 'Cesar Schirok', 'cschiroke7@feedburner.com', 'Male', '9180 Muir Avenue', 'Gachalá'),
(513, 'Abramo', 'Tildesley', 'Abramo Tildesley', 'atildesleye8@sphinn.com', 'Male', '1 Anthes Circle', 'Lyudinovo'),
(514, 'Joscelin', 'Allsopp', 'Joscelin Allsopp', 'jallsoppe9@scientificamerican.com', 'Female', '996 La Follette Hill', 'Krasnyy Klyuch'),
(515, 'Andras', 'Shickle', 'Andras Shickle', 'ashickleea@nifty.com', 'Male', '33730 Steensland Alley', 'Mahates'),
(516, 'Mabel', 'Bagenal', 'Mabel Bagenal', 'mbagenaleb@amazon.co.jp', 'Female', '56 Hollow Ridge Avenue', 'Qo’ng’irot Shahri'),
(517, 'Jarrid', 'Chapman', 'Jarrid Chapman', 'jchapmanec@amazon.co.uk', 'Male', '0 Menomonie Court', 'Sigou'),
(518, 'Tyson', 'Balthasar', 'Tyson Balthasar', 'tbalthasared@google.co.uk', 'Male', '14285 Florence Junction', 'Shelopugino'),
(519, 'Quinlan', 'Malecky', 'Quinlan Malecky', 'qmaleckyee@techcrunch.com', 'Male', '37797 Farwell Road', 'Yingchuan'),
(520, 'Brina', 'Lawrance', 'Brina Lawrance', 'blawranceef@aboutads.info', 'Female', '0305 Autumn Leaf Circle', 'Yujia'),
(521, 'Mufi', 'Lowfill', 'Mufi Lowfill', 'mlowfilleg@lulu.com', 'Female', '3 Acker Plaza', 'Khovd'),
(522, 'Jonathon', 'Hoy', 'Jonathon Hoy', 'jhoyeh@sourceforge.net', 'Male', '41237 Packers Plaza', 'Pingling'),
(523, 'Kathie', 'Leverton', 'Kathie Leverton', 'klevertonei@dyndns.org', 'Female', '28 Declaration Terrace', 'Höfn'),
(524, 'Evvie', 'McLeish', 'Evvie McLeish', 'emcleishej@hao123.com', 'Female', '10912 Erie Crossing', 'Desa Kertasari'),
(525, 'Ellwood', 'Daye', 'Ellwood Daye', 'edayeek@ox.ac.uk', 'Male', '826 Mitchell Point', 'Birmingham'),
(526, 'Bear', 'Meneer', 'Bear Meneer', 'bmeneerel@amazonaws.com', 'Male', '184 Grover Park', 'Ciangir'),
(527, 'Isabella', 'Alderwick', 'Isabella Alderwick', 'ialderwickem@home.pl', 'Female', '3 Fordem Court', 'Dukuhbadag'),
(528, 'Norry', 'Padula', 'Norry Padula', 'npadulaen@typepad.com', 'Male', '7532 Walton Way', 'Liushutun'),
(529, 'Nelia', 'Ensley', 'Nelia Ensley', 'nensleyeo@usa.gov', 'Female', '76535 Coleman Circle', 'Swindon'),
(530, 'Darnall', 'Conisbee', 'Darnall Conisbee', 'dconisbeeep@buzzfeed.com', '', '39571 Pepper Wood Street', 'Hekou'),
(531, 'Torrie', 'Titmuss', 'Torrie Titmuss', 'ttitmusseq@google.com', 'Female', '5 Sage Trail', 'Milwaukee'),
(532, 'Clementius', 'Colrein', 'Clementius Colrein', 'ccolreiner@netlog.com', '', '9074 Crownhardt Place', 'Dagur'),
(533, 'Jorey', 'Alfwy', 'Jorey Alfwy', 'jalfwyes@webs.com', 'Female', '379 Continental Avenue', 'Drawsko Pomorskie'),
(534, 'Trudey', 'Winram', 'Trudey Winram', 'twinramet@cam.ac.uk', 'Female', '677 Mockingbird Drive', 'Izazi'),
(535, 'Hewitt', 'Zannini', 'Hewitt Zannini', 'hzanninieu@ucoz.com', 'Male', '11982 Northland Plaza', 'Urcos'),
(536, 'Giselbert', 'Martt', 'Giselbert Martt', 'gmarttev@naver.com', 'Male', '64 Fieldstone Avenue', 'Saint Louis'),
(537, 'Gerda', 'Clink', 'Gerda Clink', 'gclinkew@walmart.com', 'Female', '883 Mandrake Parkway', 'Daraitan'),
(538, 'Ruddie', 'Deesly', 'Ruddie Deesly', 'rdeeslyex@biblegateway.com', 'Male', '878 Monterey Place', 'Banff'),
(539, 'Oliver', 'Woolam', 'Oliver Woolam', 'owoolamey@goo.gl', 'Male', '928 Cascade Road', 'Kohtla-Järve'),
(540, 'Nathalie', 'Guillotin', 'Nathalie Guillotin', 'nguillotinez@gov.uk', 'Female', '76 Prairie Rose Road', 'Yasenevo'),
(541, 'Filippo', 'Orhrt', 'Filippo Orhrt', 'forhrtf0@google.fr', 'Male', '57 Valley Edge Court', 'Ngurensiti'),
(542, 'Shelden', 'Yukhtin', 'Shelden Yukhtin', 'syukhtinf1@usda.gov', 'Male', '25 Dottie Circle', 'Asemanis'),
(543, 'Olive', 'Haugen', 'Olive Haugen', 'ohaugenf2@chicagotribune.com', 'Female', '07779 Mariners Cove Trail', 'Jorok Dalam'),
(544, 'Chauncey', 'Malyj', 'Chauncey Malyj', 'cmalyjf3@nsw.gov.au', 'Male', '085 Troy Lane', 'Pakemitan Dua'),
(545, 'Angelle', 'Esh', 'Angelle Esh', 'aeshf4@usa.gov', 'Female', '30107 Monterey Point', 'Kfar NaOranim'),
(546, 'Ario', 'Prator', 'Ario Prator', 'apratorf5@salon.com', 'Male', '2 Luster Avenue', 'Lentisqueira'),
(547, 'Vonni', 'Reece', 'Vonni Reece', 'vreecef6@yandex.ru', '', '2 Bay Road', 'Tuchengzi'),
(548, 'Camellia', 'Tomaszek', 'Camellia Tomaszek', 'ctomaszekf7@columbia.edu', 'Female', '5 Schiller Circle', 'Ciganaria'),
(549, 'Leisha', 'Barthod', 'Leisha Barthod', 'lbarthodf8@google.de', '', '41943 Butternut Trail', 'Žandov'),
(550, 'Pegeen', 'Kelby', 'Pegeen Kelby', 'pkelbyf9@army.mil', 'Female', '36302 Crowley Pass', 'Tanahedang'),
(551, 'Astra', 'Tilley', 'Astra Tilley', 'atilleyfa@cmu.edu', 'Female', '1855 Loeprich Road', 'Muliang'),
(552, 'Oralle', 'Tuer', 'Oralle Tuer', 'otuerfb@howstuffworks.com', 'Female', '5309 Morrow Lane', 'Peraía'),
(553, 'Natalee', 'Macci', 'Natalee Macci', 'nmaccifc@sun.com', 'Female', '46936 Bunting Point', 'Suponevo'),
(554, 'Hilde', 'Nancekivell', 'Hilde Nancekivell', 'hnancekivellfd@privacy.gov.au', 'Female', '274 Maple Wood Pass', 'Karlstad'),
(555, 'Sisely', 'Trythall', 'Sisely Trythall', 'strythallfe@hibu.com', 'Female', '60 Nevada Lane', 'Xiaoyang'),
(556, 'Emalee', 'Yurenin', 'Emalee Yurenin', 'eyureninff@dell.com', 'Female', '9 American Ash Pass', 'Galamares'),
(557, 'Shirleen', 'McQuirk', 'Shirleen McQuirk', 'smcquirkfg@amazonaws.com', '', '0465 Moose Center', 'Serra de Água'),
(558, 'Saundra', 'Cockshutt', 'Saundra Cockshutt', 'scockshuttfh@artisteer.com', 'Female', '72852 Donald Plaza', 'Mawa'),
(559, 'Errol', 'Valentinetti', 'Errol Valentinetti', 'evalentinettifi@macromedia.com', 'Male', '30 Caliangt Alley', 'Rauna'),
(560, 'Reinold', 'Filyaev', 'Reinold Filyaev', 'rfilyaevfj@fastcompany.com', 'Male', '84777 Scoville Plaza', 'Amqui'),
(561, 'Gaby', 'des Remedios', 'Gaby des Remedios', 'gdesremediosfk@hatena.ne.jp', 'Female', '5978 Artisan Plaza', 'Changning'),
(562, 'Rory', 'Fawbert', 'Rory Fawbert', 'rfawbertfl@weebly.com', 'Female', '0454 Garrison Circle', 'Dno'),
(563, 'Dion', 'Gremane', 'Dion Gremane', 'dgremanefm@typepad.com', 'Female', '85565 Lakewood Gardens Way', 'Červená Voda'),
(564, 'Casey', 'Heilds', 'Casey Heilds', 'cheildsfn@miibeian.gov.cn', '', '722 Sloan Parkway', 'Stoney Ground'),
(565, 'Brittan', 'Roseblade', 'Brittan Roseblade', 'brosebladefo@soundcloud.com', 'Female', '0 Cordelia Street', 'Stockholm'),
(566, 'Dorella', 'Kohtler', 'Dorella Kohtler', 'dkohtlerfp@mysql.com', 'Female', '50 Hallows Place', 'Juyuan'),
(567, 'Georgeanna', 'Hoys', 'Georgeanna Hoys', 'ghoysfq@stanford.edu', 'Female', '1 Esker Place', 'Ciawi'),
(568, 'Gasparo', 'Shillitoe', 'Gasparo Shillitoe', 'gshillitoefr@tuttocitta.it', 'Male', '8 Hanover Terrace', 'Tala'),
(569, 'Glennis', 'Lauritsen', 'Glennis Lauritsen', 'glauritsenfs@jigsy.com', '', '467 Hoepker Lane', 'Kalimeneng'),
(570, 'Catherina', 'Caraher', 'Catherina Caraher', 'ccaraherft@freewebs.com', 'Female', '6 Springs Court', 'Sinacaban'),
(571, 'Dell', 'Giorgielli', 'Dell Giorgielli', 'dgiorgiellifu@lycos.com', 'Male', '9 Northland Hill', 'Xiangxiang'),
(572, 'Clint', 'Casino', 'Clint Casino', 'ccasinofv@buzzfeed.com', '', '1431 Becker Crossing', 'Houston'),
(573, 'Isaak', 'Barrim', 'Isaak Barrim', 'ibarrimfw@com.com', 'Male', '8796 Cherokee Alley', 'Sunne'),
(574, 'Delbert', 'Maskell', 'Delbert Maskell', 'dmaskellfx@statcounter.com', 'Male', '68 Dexter Court', 'Westonaria'),
(575, 'Piper', 'Stockport', 'Piper Stockport', 'pstockportfy@springer.com', 'Female', '0 Glendale Hill', 'Mirkovci'),
(576, 'Pyotr', 'Konke', 'Pyotr Konke', 'pkonkefz@europa.eu', 'Male', '64786 Washington Lane', 'Portland'),
(577, 'Nonie', 'Gomby', 'Nonie Gomby', 'ngombyg0@sciencedaily.com', 'Female', '25574 Delladonna Court', 'Sukoanyar'),
(578, 'Richie', 'Mulderrig', 'Richie Mulderrig', 'rmulderrigg1@plala.or.jp', 'Male', '729 Stoughton Place', 'Baihe'),
(579, 'Aubrie', 'Wells', 'Aubrie Wells', 'awellsg2@cmu.edu', 'Female', '202 Burning Wood Circle', 'Panenjoan'),
(580, 'Skipton', 'Gouldsmith', 'Skipton Gouldsmith', 'sgouldsmithg3@fda.gov', 'Male', '0796 Anzinger Place', 'Arcueil'),
(581, 'Alec', 'Peirce', 'Alec Peirce', 'apeirceg4@google.pl', 'Male', '6 Vernon Plaza', 'Rio Verde de Mato Grosso'),
(582, 'Agustin', 'Seaborn', 'Agustin Seaborn', 'aseaborng5@yandex.ru', 'Male', '17230 Darwin Alley', 'Sulahan'),
(583, 'Vladamir', 'Hurdedge', 'Vladamir Hurdedge', 'vhurdedgeg6@oakley.com', '', '1318 Crescent Oaks Pass', 'Bida'),
(584, 'Dorelle', 'Burgoyne', 'Dorelle Burgoyne', 'dburgoyneg7@joomla.org', 'Female', '233 4th Junction', 'Sharga'),
(585, 'Sunshine', 'Tesche', 'Sunshine Tesche', 'stescheg8@dailymail.co.uk', 'Female', '611 Elgar Alley', 'Cajacay'),
(586, 'Arman', 'Paddle', 'Arman Paddle', 'apaddleg9@cnn.com', 'Male', '138 Summerview Trail', 'Port Colborne'),
(587, 'Gilli', 'Sparkwell', 'Gilli Sparkwell', 'gsparkwellga@sciencedirect.com', 'Female', '7 Fisk Pass', 'Nāḩīyat Saddat al Hindīyah'),
(588, 'Nyssa', 'Roj', 'Nyssa Roj', 'nrojgb@china.com.cn', 'Female', '8443 Manitowish Street', 'Singaparna'),
(589, 'Elden', 'Chilles', 'Elden Chilles', 'echillesgc@networkadvertising.org', 'Male', '19 Lakewood Gardens Junction', 'Metz'),
(590, 'Burty', 'Summers', 'Burty Summers', 'bsummersgd@gizmodo.com', 'Male', '75 Schiller Circle', 'Ketapang'),
(591, 'Dick', 'Sendall', 'Dick Sendall', 'dsendallge@opensource.org', 'Male', '5917 Quincy Trail', 'Erniusuokou'),
(592, 'My', 'Dobey', 'My Dobey', 'mdobeygf@google.co.jp', '', '6593 Moose Parkway', 'Dizangué'),
(593, 'Thaine', 'Drysdale', 'Thaine Drysdale', 'tdrysdalegg@eventbrite.com', 'Male', '0 Hauk Plaza', 'Brnaze'),
(594, 'Ward', 'Dewicke', 'Ward Dewicke', 'wdewickegh@ebay.co.uk', 'Male', '52203 Hazelcrest Point', 'Basista'),
(595, 'Brietta', 'Riddington', 'Brietta Riddington', 'briddingtongi@so-net.ne.jp', 'Female', '34898 Ohio Avenue', 'Yongxing Chengguanzhen'),
(596, 'Gaby', 'MacGilfoyle', 'Gaby MacGilfoyle', 'gmacgilfoylegj@twitter.com', 'Male', '2235 Clarendon Avenue', 'Monsanto'),
(597, 'Inglebert', 'Deadman', 'Inglebert Deadman', 'ideadmangk@census.gov', 'Male', '6697 Kensington Center', 'Danauparis'),
(598, 'Francisca', 'Noblett', 'Francisca Noblett', 'fnoblettgl@canalblog.com', '', '864 John Wall Terrace', 'Ban Phan Don'),
(599, 'Morgana', 'Killwick', 'Morgana Killwick', 'mkillwickgm@mac.com', '', '68044 Colorado Alley', 'Tiebukenwusan'),
(600, 'Lydia', 'Martynikhin', 'Lydia Martynikhin', 'lmartynikhingn@amazon.co.jp', 'Female', '72 Rieder Trail', 'Shajing'),
(601, 'Gordie', 'Mersey', 'Gordie Mersey', 'gmerseygo@cmu.edu', 'Male', '0722 Florence Parkway', 'Tibati'),
(602, 'Kimberli', 'Aymes', 'Kimberli Aymes', 'kaymesgp@nbcnews.com', 'Female', '6 Alpine Plaza', 'Salacgrīva'),
(603, 'Elwyn', 'Debold', 'Elwyn Debold', 'edeboldgq@jalbum.net', 'Male', '07 Barnett Point', 'Novi Pazar'),
(604, 'Erwin', 'Sygroves', 'Erwin Sygroves', 'esygrovesgr@nih.gov', 'Male', '53 Algoma Lane', 'Cinco Saltos'),
(605, 'Ivor', 'Pavlovic', 'Ivor Pavlovic', 'ipavlovicgs@newsvine.com', '', '74300 Vera Hill', 'Xicheng'),
(606, 'Lorette', 'Thoresbie', 'Lorette Thoresbie', 'lthoresbiegt@usatoday.com', 'Female', '41 Dawn Crossing', 'Tumpakkepuh'),
(607, 'Augusto', 'Bader', 'Augusto Bader', 'abadergu@hatena.ne.jp', 'Male', '2 Harbort Hill', 'Cibunut'),
(608, 'Delmore', 'Kibbel', 'Delmore Kibbel', 'dkibbelgv@wisc.edu', 'Male', '1 Merrick Plaza', 'Petrovo-Dal’neye'),
(609, 'Caprice', 'Cahill', 'Caprice Cahill', 'ccahillgw@sfgate.com', 'Female', '24 Bartillon Park', 'Naji'),
(610, 'Geri', 'Foxworthy', 'Geri Foxworthy', 'gfoxworthygx@dagondesign.com', 'Male', '08 Lyons Avenue', 'Árgos'),
(611, 'Corliss', 'Leyland', 'Corliss Leyland', 'cleylandgy@google.com.hk', 'Female', '62097 Fordem Court', 'Ciudad Nueva'),
(612, 'Alecia', 'Cronchey', 'Alecia Cronchey', 'acroncheygz@aboutads.info', 'Female', '76820 Elmside Lane', 'Malasiqui'),
(613, 'Kimbra', 'Osorio', 'Kimbra Osorio', 'kosorioh0@java.com', 'Female', '39499 Sugar Junction', 'Pánormos'),
(614, 'Temp', 'MacAlpin', 'Temp MacAlpin', 'tmacalpinh1@quantcast.com', 'Male', '94 3rd Trail', 'Złotniki'),
(615, 'Parrnell', 'Overington', 'Parrnell Overington', 'poveringtonh2@gmpg.org', 'Male', '08 Longview Alley', 'Vynohradove'),
(616, 'Bil', 'Giacobillo', 'Bil Giacobillo', 'bgiacobilloh3@disqus.com', 'Male', '59061 Lindbergh Circle', 'Dizhai'),
(617, 'Claire', 'Birney', 'Claire Birney', 'cbirneyh4@surveymonkey.com', 'Female', '6393 Jenna Hill', 'Penisihan'),
(618, 'Auberta', 'Kingzeth', 'Auberta Kingzeth', 'akingzethh5@virginia.edu', 'Female', '86346 Anniversary Avenue', 'Tarikolot'),
(619, 'Tracie', 'Goscomb', 'Tracie Goscomb', 'tgoscombh6@upenn.edu', 'Female', '62670 Sachs Way', 'Sydney'),
(620, 'Vanessa', 'Smye', 'Vanessa Smye', 'vsmyeh7@tumblr.com', 'Female', '9322 Jana Street', 'Rizal'),
(621, 'Page', 'Yoseloff', 'Page Yoseloff', 'pyoseloffh8@mit.edu', 'Female', '283 New Castle Crossing', 'Valence'),
(622, 'Rriocard', 'Draycott', 'Rriocard Draycott', 'rdraycotth9@vimeo.com', 'Male', '10 Dovetail Junction', 'João Alfredo'),
(623, 'Bernita', 'Trotman', 'Bernita Trotman', 'btrotmanha@cdbaby.com', 'Female', '5174 Haas Junction', 'San Antonio'),
(624, 'April', 'Penfold', 'April Penfold', 'apenfoldhb@list-manage.com', 'Female', '6231 Hallows Avenue', 'Storozhynets’'),
(625, 'Boyce', 'Ripley', 'Boyce Ripley', 'bripleyhc@gravatar.com', 'Male', '60 Twin Pines Way', 'Pagarbatu'),
(626, 'Dael', 'Gaiter', 'Dael Gaiter', 'dgaiterhd@icio.us', 'Male', '952 Ridge Oak Lane', 'Güira de Melena'),
(627, 'Eadie', 'Baterip', 'Eadie Baterip', 'ebateriphe@va.gov', 'Female', '86622 Main Junction', 'Bailu'),
(628, 'Tirrell', 'Gothup', 'Tirrell Gothup', 'tgothuphf@woothemes.com', 'Male', '46855 High Crossing Pass', 'Marsa Alam'),
(629, 'Candis', 'Riggeard', 'Candis Riggeard', 'criggeardhg@dailymail.co.uk', 'Female', '93 Oak Valley Crossing', 'Stavyshche'),
(630, 'Shandy', 'Dillow', 'Shandy Dillow', 'sdillowhh@liveinternet.ru', 'Female', '965 Crownhardt Parkway', 'Uzgen'),
(631, 'Gerhard', 'Staniforth', 'Gerhard Staniforth', 'gstaniforthhi@canalblog.com', '', '63929 Green Ridge Street', 'San Julian'),
(632, 'Hagan', 'Bridgewater', 'Hagan Bridgewater', 'hbridgewaterhj@sourceforge.net', 'Male', '06127 Paget Alley', 'Chengtou'),
(633, 'Kele', 'Targetter', 'Kele Targetter', 'ktargetterhk@redcross.org', 'Male', '6696 Boyd Terrace', 'Khiv'),
(634, 'Aloysius', 'Burle', 'Aloysius Burle', 'aburlehl@army.mil', 'Male', '3 Dahle Hill', 'Wosai'),
(635, 'Ericha', 'Libermore', 'Ericha Libermore', 'elibermorehm@dagondesign.com', '', '8 Melby Pass', 'Greensboro'),
(636, 'Dari', 'Baselio', 'Dari Baselio', 'dbaseliohn@wisc.edu', 'Female', '05092 Pearson Street', 'Pexiligais'),
(637, 'Idaline', 'Franzelini', 'Idaline Franzelini', 'ifranzeliniho@harvard.edu', 'Female', '6696 Dwight Place', 'Bayonne'),
(638, 'Barton', 'Crutch', 'Barton Crutch', 'bcrutchhp@senate.gov', 'Male', '0297 Kedzie Road', 'Inari'),
(639, 'Rowan', 'Gress', 'Rowan Gress', 'rgresshq@github.io', 'Male', '762 Straubel Terrace', 'Xinzheng'),
(640, 'Lizabeth', 'Langtry', 'Lizabeth Langtry', 'llangtryhr@infoseek.co.jp', 'Female', '2092 Golden Leaf Point', 'Maymana'),
(641, 'Sigismund', 'Shoveller', 'Sigismund Shoveller', 'sshovellerhs@nymag.com', 'Male', '47490 Fisk Street', 'Cileuya'),
(642, 'Andres', 'Sunman', 'Andres Sunman', 'asunmanht@independent.co.uk', 'Male', '9517 Carberry Plaza', 'Shiraoi'),
(643, 'Baldwin', 'Petruszka', 'Baldwin Petruszka', 'bpetruszkahu@webs.com', 'Male', '8109 Rusk Pass', 'Laohekou'),
(644, 'Gardy', 'Boater', 'Gardy Boater', 'gboaterhv@netscape.com', 'Male', '560 Tennessee Alley', 'Zárkos'),
(645, 'Gaston', 'Strick', 'Gaston Strick', 'gstrickhw@yelp.com', '', '862 Manufacturers Parkway', 'Bukowina Tatrzańska'),
(646, 'Kalila', 'Clayhill', 'Kalila Clayhill', 'kclayhillhx@webmd.com', '', '0611 International Street', 'Wao'),
(647, 'Tuckie', 'Sproston', 'Tuckie Sproston', 'tsprostonhy@dropbox.com', 'Male', '4738 Susan Court', 'Żurowa'),
(648, 'Ynes', 'Mouncher', 'Ynes Mouncher', 'ymouncherhz@flavors.me', 'Female', '979 Schlimgen Alley', 'Hamanoichi'),
(649, 'Nonah', 'Heak', 'Nonah Heak', 'nheaki0@miibeian.gov.cn', '', '9 Upham Avenue', 'Municipio de Copacabana'),
(650, 'Andonis', 'Cradick', 'Andonis Cradick', 'acradicki1@who.int', 'Male', '49066 Maywood Alley', 'Damnoen Saduak'),
(651, 'Lorine', 'Claussen', 'Lorine Claussen', 'lclausseni2@woothemes.com', 'Female', '437 5th Alley', 'Nazca'),
(652, 'Bernete', 'Ramas', 'Bernete Ramas', 'bramasi3@imdb.com', 'Female', '844 Green Trail', 'Bulusari'),
(653, 'Isidora', 'Rippon', 'Isidora Rippon', 'iripponi4@discuz.net', 'Female', '2640 Vernon Parkway', 'Buhe'),
(654, 'Brice', 'Askey', 'Brice Askey', 'baskeyi5@pagesperso-orange.fr', 'Male', '0 Glendale Center', 'Zaolin'),
(655, 'Verna', 'Paternoster', 'Verna Paternoster', 'vpaternosteri6@state.gov', 'Female', '0 Blue Bill Park Avenue', 'Cuiabá'),
(656, 'Jerrine', 'Van der Krui', 'Jerrine Van der Krui', 'jvanderkruii7@elpais.com', 'Female', '22455 Lindbergh Alley', 'Genova'),
(657, 'Seth', 'Healy', 'Seth Healy', 'shealyi8@instagram.com', 'Male', '6 Johnson Place', 'Sasayama'),
(658, 'Sherline', 'Rablin', 'Sherline Rablin', 'srablini9@topsy.com', 'Female', '95 Walton Junction', 'Daping'),
(659, 'Arlyne', 'MacCart', 'Arlyne MacCart', 'amaccartia@weibo.com', 'Female', '365 Tennyson Parkway', 'Saint-Avold'),
(660, 'Redford', 'Maystone', 'Redford Maystone', 'rmaystoneib@twitpic.com', 'Male', '399 Del Mar Trail', 'San Miguel'),
(661, 'Gradey', 'Keable', 'Gradey Keable', 'gkeableic@psu.edu', 'Male', '826 Paget Junction', 'Gasan'),
(662, 'Lem', 'Farfoot', 'Lem Farfoot', 'lfarfootid@altervista.org', 'Male', '39 Aberg Park', 'Khong Chai'),
(663, 'Kelcey', 'Porson', 'Kelcey Porson', 'kporsonie@de.vu', 'Female', '2 Dahle Point', 'Paprotnia'),
(664, 'Clarinda', 'Blight', 'Clarinda Blight', 'cblightif@oracle.com', 'Female', '37 Becker Plaza', 'Batumi'),
(665, 'Tracey', 'Shildrake', 'Tracey Shildrake', 'tshildrakeig@storify.com', 'Female', '81370 Steensland Street', 'Glamang'),
(666, 'Alexio', 'Quan', 'Alexio Quan', 'aquanih@sfgate.com', 'Male', '50491 Jay Avenue', 'Temorlorong'),
(667, 'Celka', 'Berriman', 'Celka Berriman', 'cberrimanii@si.edu', '', '05191 Bowman Parkway', 'Międzybrodzie Bialskie'),
(668, 'Kilian', 'Kees', 'Kilian Kees', 'kkeesij@telegraph.co.uk', 'Male', '14028 Merry Trail', 'San Pedro'),
(669, 'Markus', 'Ianiello', 'Markus Ianiello', 'mianielloik@telegraph.co.uk', '', '86 Maple Court', 'Tigbaw'),
(670, 'Gan', 'Killough', 'Gan Killough', 'gkilloughil@google.it', '', '2152 Spaight Street', 'Zepita'),
(671, 'Huntlee', 'Dixon', 'Huntlee Dixon', 'hdixonim@cnn.com', '', '341 Park Meadow Parkway', 'São Paio de Seide'),
(672, 'Kathleen', 'Grovier', 'Kathleen Grovier', 'kgrovierin@purevolume.com', 'Female', '3 Glacier Hill Avenue', 'Chaiwan'),
(673, 'Kristoforo', 'Rosendorf', 'Kristoforo Rosendorf', 'krosendorfio@statcounter.com', '', '41 Mariners Cove Parkway', 'Palhoça'),
(674, 'Shana', 'Hedger', 'Shana Hedger', 'shedgerip@comsenz.com', 'Female', '63416 Arkansas Terrace', 'São Tomé'),
(675, 'Britt', 'Millbank', 'Britt Millbank', 'bmillbankiq@cbsnews.com', 'Male', '07742 Esch Court', 'Chinju'),
(676, 'Doralia', 'Juszkiewicz', 'Doralia Juszkiewicz', 'djuszkiewiczir@lycos.com', '', '787 Nancy Hill', 'Luzon'),
(677, 'Delainey', 'Eagan', 'Delainey Eagan', 'deaganis@kickstarter.com', 'Male', '547 Straubel Avenue', 'Shigony'),
(678, 'Sari', 'Tott', 'Sari Tott', 'stottit@bluehost.com', 'Female', '3 East Avenue', 'Zhuli'),
(679, 'Almeria', 'Arson', 'Almeria Arson', 'aarsoniu@blogtalkradio.com', '', '658 Mccormick Avenue', 'Meneou'),
(680, 'Anne-corinne', 'Botham', 'Anne-corinne Botham', 'abothamiv@unesco.org', 'Female', '3391 Schlimgen Court', 'Zebrzydowice'),
(681, 'Etan', 'Trickey', 'Etan Trickey', 'etrickeyiw@ucoz.ru', 'Male', '864 Russell Lane', 'Gómez'),
(682, 'Milka', 'Von Helmholtz', 'Milka Von Helmholtz', 'mvonhelmholtzix@weather.com', 'Female', '588 Fuller Way', 'Qinling Jieban'),
(683, 'Barris', 'Dedon', 'Barris Dedon', 'bdedoniy@devhub.com', 'Male', '000 Truax Circle', 'Mendeleyevo'),
(684, 'Bettine', 'Minihane', 'Bettine Minihane', 'bminihaneiz@cafepress.com', 'Female', '54 Emmet Plaza', 'Panitan'),
(685, 'Adolpho', 'Griffin', 'Adolpho Griffin', 'agriffinj0@soundcloud.com', 'Male', '453 Ohio Center', 'Wonorejo'),
(686, 'Anson', 'Kerswell', 'Anson Kerswell', 'akerswellj1@studiopress.com', 'Male', '5991 Pine View Place', 'Vinsady'),
(687, 'Ephrem', 'Daoust', 'Ephrem Daoust', 'edaoustj2@prweb.com', 'Male', '9656 Fuller Circle', 'Xinghe Chengguanzhen'),
(688, 'Abe', 'Izakson', 'Abe Izakson', 'aizaksonj3@weibo.com', 'Male', '14 Dorton Junction', 'Nossebro'),
(689, 'Denny', 'Dossantos', 'Denny Dossantos', 'ddossantosj4@ebay.co.uk', '', '3 Glacier Hill Terrace', 'Ćmielów'),
(690, 'Addy', 'Marston', 'Addy Marston', 'amarstonj5@ed.gov', 'Male', '26714 Valley Edge Lane', 'Inowrocław'),
(691, 'Pren', 'Fireman', 'Pren Fireman', 'pfiremanj6@wsj.com', 'Male', '236 Burning Wood Plaza', 'Kołbaskowo'),
(692, 'Marie-jeanne', 'Hawkins', 'Marie-jeanne Hawkins', 'mhawkinsj7@umn.edu', 'Female', '75928 Mariners Cove Circle', 'Manola'),
(693, 'Benedikt', 'Sidaway', 'Benedikt Sidaway', 'bsidawayj8@scribd.com', 'Male', '7232 Oxford Crossing', 'Manas'),
(694, 'Ed', 'Beesley', 'Ed Beesley', 'ebeesleyj9@w3.org', 'Male', '145 Vernon Pass', 'Huai’an'),
(695, 'Ailbert', 'Rustidge', 'Ailbert Rustidge', 'arustidgeja@cornell.edu', 'Male', '0621 Hooker Street', 'Pasararba'),
(696, 'Daniele', 'Krolik', 'Daniele Krolik', 'dkrolikjb@dion.ne.jp', 'Female', '811 Melody Crossing', 'Goshogawara'),
(697, 'Danna', 'Beal', 'Danna Beal', 'dbealjc@qq.com', 'Female', '58 Canary Junction', 'Zamoskvorech’ye'),
(698, 'Matteo', 'Bozworth', 'Matteo Bozworth', 'mbozworthjd@nsw.gov.au', 'Male', '7264 Quincy Plaza', 'Chengyang'),
(699, 'Harmonia', 'Fores', 'Harmonia Fores', 'hforesje@eventbrite.com', 'Female', '879 Daystar Circle', 'New Hyde Park'),
(700, 'Guy', 'Fine', 'Guy Fine', 'gfinejf@nydailynews.com', 'Male', '02847 Comanche Center', 'La Rioja'),
(701, 'Bradly', 'Bentson', 'Bradly Bentson', 'bbentsonjg@elpais.com', 'Male', '01273 Golf Course Center', 'Kalino'),
(702, 'Noak', 'Toll', 'Noak Toll', 'ntolljh@printfriendly.com', 'Male', '0152 Fallview Drive', 'Atlanta'),
(703, 'Henrik', 'Tassaker', 'Henrik Tassaker', 'htassakerji@narod.ru', 'Male', '378 John Wall Circle', 'Colonia Catuete'),
(704, 'Ilyse', 'Gerant', 'Ilyse Gerant', 'igerantjj@google.ru', 'Female', '4796 Blackbird Place', 'San Simón'),
(705, 'Gage', 'Thorne', 'Gage Thorne', 'gthornejk@deliciousdays.com', 'Male', '019 Lunder Way', 'Riyue'),
(706, 'Lilith', 'Tart', 'Lilith Tart', 'ltartjl@hostgator.com', 'Female', '36404 Carey Terrace', 'Kondoa'),
(707, 'Vitoria', 'Twamley', 'Vitoria Twamley', 'vtwamleyjm@foxnews.com', 'Female', '357 Burning Wood Drive', 'Gamping Lor'),
(708, 'Jayme', 'Sneddon', 'Jayme Sneddon', 'jsneddonjn@hostgator.com', 'Female', '3 Fremont Court', 'Ágios Stéfanos'),
(709, 'Claudetta', 'Mallia', 'Claudetta Mallia', 'cmalliajo@forbes.com', 'Female', '55 Onsgard Park', 'Amman'),
(710, 'Feodor', 'Songest', 'Feodor Songest', 'fsongestjp@biblegateway.com', 'Male', '283 Maywood Avenue', 'Citundun'),
(711, 'Ailey', 'Tunsley', 'Ailey Tunsley', 'atunsleyjq@4shared.com', 'Female', '730 Algoma Circle', 'Cusco'),
(712, 'Cirstoforo', 'Picardo', 'Cirstoforo Picardo', 'cpicardojr@buzzfeed.com', 'Male', '33586 Sheridan Place', 'Kalapanunggal'),
(713, 'Olivie', 'Thew', 'Olivie Thew', 'othewjs@goo.ne.jp', 'Female', '9 Roxbury Way', 'Montbéliard'),
(714, 'Ossie', 'Clemencon', 'Ossie Clemencon', 'oclemenconjt@mac.com', 'Male', '0140 1st Center', 'Pabean'),
(715, 'Auria', 'Muirden', 'Auria Muirden', 'amuirdenju@webs.com', 'Female', '04 Meadow Valley Road', 'Qitai'),
(716, 'Ignacius', 'Adamsen', 'Ignacius Adamsen', 'iadamsenjv@rambler.ru', '', '9734 School Court', 'Chakaray'),
(717, 'Stavros', 'Lynam', 'Stavros Lynam', 'slynamjw@wisc.edu', 'Male', '443 Artisan Alley', 'Krugersdorp'),
(718, 'Marna', 'Punch', 'Marna Punch', 'mpunchjx@vinaora.com', 'Female', '61 Emmet Lane', 'Guan’e'),
(719, 'Julietta', 'Duval', 'Julietta Duval', 'jduvaljy@skype.com', 'Female', '3644 Maple Court', 'Columbus'),
(720, 'Ray', 'Barnwell', 'Ray Barnwell', 'rbarnwelljz@wisc.edu', 'Male', '4050 Golf Course Terrace', 'Västerås'),
(721, 'Stefan', 'Brolly', 'Stefan Brolly', 'sbrollyk0@nifty.com', 'Male', '8101 Schlimgen Terrace', 'Awat'),
(722, 'Nicolas', 'Whitewood', 'Nicolas Whitewood', 'nwhitewoodk1@livejournal.com', 'Male', '941 Hagan Road', 'Söderhamn'),
(723, 'Olivette', 'Botterman', 'Olivette Botterman', 'obottermank2@delicious.com', 'Female', '44 Fairfield Crossing', 'Ust’-Koksa'),
(724, 'Adolpho', 'Chippin', 'Adolpho Chippin', 'achippink3@vimeo.com', 'Male', '157 Schurz Park', 'Qianfoling'),
(725, 'Andy', 'Keenor', 'Andy Keenor', 'akeenork4@dot.gov', 'Female', '4 Onsgard Alley', 'Moche'),
(726, 'Nicolai', 'Dublin', 'Nicolai Dublin', 'ndublink5@live.com', 'Male', '9903 Bellgrove Lane', 'Tsivil’sk'),
(727, 'Juan', 'Olivera', 'Juan Olivera', 'joliverak6@cdbaby.com', 'Male', '44832 Doe Crossing Alley', 'La Courneuve'),
(728, 'Candide', 'Jacqueminet', 'Candide Jacqueminet', 'cjacqueminetk7@bravesites.com', 'Female', '80817 Superior Parkway', 'Telagaselaba'),
(729, 'Tore', 'Eggleton', 'Tore Eggleton', 'teggletonk8@ebay.com', 'Male', '22272 Chinook Place', 'Mbandaka'),
(730, 'Woodman', 'Cocklie', 'Woodman Cocklie', 'wcockliek9@comcast.net', 'Male', '4209 Lerdahl Pass', 'Sal’sk'),
(731, 'Bride', 'Dommett', 'Bride Dommett', 'bdommettka@miitbeian.gov.cn', 'Female', '1 Green Ridge Point', 'Renyi'),
(732, 'Malynda', 'MacMorland', 'Malynda MacMorland', 'mmacmorlandkb@businesswire.com', 'Female', '8 Mallory Trail', 'Leganes'),
(733, 'Ronna', 'Pellington', 'Ronna Pellington', 'rpellingtonkc@mayoclinic.com', 'Female', '31408 Sunfield Lane', 'Diamantina'),
(734, 'Erie', 'Walshaw', 'Erie Walshaw', 'ewalshawkd@istockphoto.com', 'Male', '7 Susan Street', 'Chaeryŏng-ŭp'),
(735, 'Arch', 'Terbrugge', 'Arch Terbrugge', 'aterbruggeke@oracle.com', 'Male', '9372 Sachs Park', 'Masarayao'),
(736, 'Augustine', 'Comino', 'Augustine Comino', 'acominokf@jiathis.com', 'Male', '7499 Northport Pass', 'Dhī Nā‘im'),
(737, 'Carlo', 'Kitchingman', 'Carlo Kitchingman', 'ckitchingmankg@printfriendly.com', 'Male', '19859 Kensington Alley', 'Klukeng'),
(738, 'Egon', 'Covey', 'Egon Covey', 'ecoveykh@apache.org', 'Male', '15 Express Drive', 'Dokshytsy'),
(739, 'Cherri', 'Ruller', 'Cherri Ruller', 'crullerki@unc.edu', '', '2 Beilfuss Road', 'Ungca'),
(740, 'Claudia', 'Wanderschek', 'Claudia Wanderschek', 'cwanderschekkj@geocities.com', 'Female', '7676 Birchwood Avenue', 'Changfu'),
(741, 'Arlyne', 'Manchett', 'Arlyne Manchett', 'amanchettkk@creativecommons.org', 'Female', '4 4th Way', 'Hongqi'),
(742, 'Davis', 'Labrone', 'Davis Labrone', 'dlabronekl@washingtonpost.com', 'Male', '2412 Boyd Parkway', 'Kadusimbar'),
(743, 'Cob', 'Avann', 'Cob Avann', 'cavannkm@deliciousdays.com', 'Male', '674 Kings Way', 'An Naşşārīyah'),
(744, 'Germayne', 'Westby', 'Germayne Westby', 'gwestbykn@nhs.uk', 'Male', '804 Eastlawn Circle', 'Auxerre'),
(745, 'Auria', 'Brafield', 'Auria Brafield', 'abrafieldko@nba.com', 'Female', '11415 Fremont Plaza', 'Zwettl'),
(746, 'Sancho', 'Ravilus', 'Sancho Ravilus', 'sraviluskp@mysql.com', 'Male', '0598 Parkside Hill', 'Furmanov'),
(747, 'Dareen', 'Leguay', 'Dareen Leguay', 'dleguaykq@nifty.com', 'Female', '5 Hayes Point', 'Tân Hiệp'),
(748, 'Mandy', 'Frane', 'Mandy Frane', 'mfranekr@github.io', 'Female', '22 Parkside Court', 'Dvorovi'),
(749, 'Kaleena', 'Baddiley', 'Kaleena Baddiley', 'kbaddileyks@jimdo.com', 'Female', '3526 Hayes Hill', 'Hantai'),
(750, 'Artus', 'Crowcum', 'Artus Crowcum', 'acrowcumkt@hugedomains.com', 'Male', '7 Anderson Center', 'Hongdu'),
(751, 'Corbet', 'Bennetts', 'Corbet Bennetts', 'cbennettsku@google.ca', 'Male', '11014 Briar Crest Junction', 'Tonga'),
(752, 'Larisa', 'Munday', 'Larisa Munday', 'lmundaykv@dion.ne.jp', 'Female', '69 Ridgeway Plaza', 'Hekou'),
(753, 'Marianna', 'Cashmore', 'Marianna Cashmore', 'mcashmorekw@npr.org', 'Female', '2 Northridge Junction', 'Vysoké nad Jizerou'),
(754, 'Josiah', 'Baynam', 'Josiah Baynam', 'jbaynamkx@jalbum.net', 'Male', '028 Di Loreto Junction', 'Porangaba'),
(755, 'Carlene', 'Yakubovich', 'Carlene Yakubovich', 'cyakubovichky@statcounter.com', 'Female', '05 American Ash Park', 'Sviblovo'),
(756, 'Garrard', 'Edwinson', 'Garrard Edwinson', 'gedwinsonkz@sciencedaily.com', '', '5 Autumn Leaf Point', 'Bakıxanov'),
(757, 'Brody', 'Reddish', 'Brody Reddish', 'breddishl0@weather.com', 'Male', '107 Burrows Street', 'Daşoguz'),
(758, 'Sydelle', 'Viveash', 'Sydelle Viveash', 'sviveashl1@nhs.uk', 'Female', '8 Northridge Trail', 'Tiaong'),
(759, 'Cozmo', 'Oakwood', 'Cozmo Oakwood', 'coakwoodl2@tuttocitta.it', 'Male', '15395 Dorton Way', 'Catabola'),
(760, 'Nichol', 'Dimond', 'Nichol Dimond', 'ndimondl3@theatlantic.com', 'Female', '50709 International Hill', 'Guanghou'),
(761, 'Jerrold', 'Farraway', 'Jerrold Farraway', 'jfarrawayl4@cisco.com', 'Male', '48451 Melvin Drive', 'Valence'),
(762, 'Jordanna', 'Critoph', 'Jordanna Critoph', 'jcritophl5@sohu.com', 'Female', '097 Bunting Way', 'Sokol'),
(763, 'Hetty', 'Danhel', 'Hetty Danhel', 'hdanhell6@yellowpages.com', 'Female', '4 Bluestem Terrace', 'Uppsala'),
(764, 'Randy', 'Scroxton', 'Randy Scroxton', 'rscroxtonl7@storify.com', 'Female', '11511 Darwin Crossing', 'Selenicë'),
(765, 'Horatius', 'Cammacke', 'Horatius Cammacke', 'hcammackel8@gov.uk', 'Male', '689 Meadow Ridge Plaza', 'Weiyuankou'),
(766, 'Darnall', 'Turland', 'Darnall Turland', 'dturlandl9@skype.com', 'Male', '9 Beilfuss Hill', 'Marxog'),
(767, 'Christiano', 'Bedlington', 'Christiano Bedlington', 'cbedlingtonla@dropbox.com', 'Male', '2 Basil Point', 'Farsta'),
(768, 'Alikee', 'Firpi', 'Alikee Firpi', 'afirpilb@stanford.edu', 'Female', '272 Bashford Pass', 'Sherwood Park'),
(769, 'Moishe', 'Hinnerk', 'Moishe Hinnerk', 'mhinnerklc@nba.com', 'Male', '120 Sheridan Point', 'Kalayemule'),
(770, 'Charil', 'Larive', 'Charil Larive', 'clariveld@ucsd.edu', 'Female', '09 Pepper Wood Pass', 'Volodymyr-Volyns’kyy'),
(771, 'Charmaine', 'Eyres', 'Charmaine Eyres', 'ceyresle@google.fr', 'Female', '65208 Acker Crossing', 'Tanbu'),
(772, 'Maryrose', 'Lawless', 'Maryrose Lawless', 'mlawlesslf@hud.gov', '', '5 Thompson Plaza', 'Balud'),
(773, 'Othello', 'De Beauchemp', 'Othello De Beauchemp', 'odebeauchemplg@umich.edu', 'Male', '387 Main Lane', 'Terenozek'),
(774, 'Laughton', 'Shelper', 'Laughton Shelper', 'lshelperlh@microsoft.com', 'Male', '3385 Nelson Trail', 'Klang'),
(775, 'Toby', 'Batiste', 'Toby Batiste', 'tbatisteli@bbc.co.uk', 'Male', '4506 Logan Trail', 'Manique de Baixo'),
(776, 'Jayson', 'Klampk', 'Jayson Klampk', 'jklampklj@example.com', 'Male', '505 Columbus Drive', 'Avignon'),
(777, 'Trevar', 'Braley', 'Trevar Braley', 'tbraleylk@blogger.com', 'Male', '4778 8th Trail', 'Liulang'),
(778, 'Elfreda', 'Heal', 'Elfreda Heal', 'ehealll@sina.com.cn', 'Female', '8 Saint Paul Terrace', 'Messejana'),
(779, 'Krystalle', 'Sadd', 'Krystalle Sadd', 'ksaddlm@studiopress.com', 'Female', '0 Russell Crossing', 'Tari'),
(780, 'Charlena', 'Pennone', 'Charlena Pennone', 'cpennoneln@msu.edu', 'Female', '49 Upham Trail', 'Khvastovichi'),
(781, 'Normie', 'De Bischop', 'Normie De Bischop', 'ndebischoplo@cyberchimps.com', 'Male', '1 Loomis Drive', 'Sępopol'),
(782, 'Gerhardt', 'Nuemann', 'Gerhardt Nuemann', 'gnuemannlp@drupal.org', 'Male', '0078 8th Terrace', 'Luoping'),
(783, 'Grata', 'McMurrugh', 'Grata McMurrugh', 'gmcmurrughlq@disqus.com', 'Female', '3262 Birchwood Junction', 'Camajuaní'),
(784, 'Helga', 'Buney', 'Helga Buney', 'hbuneylr@ezinearticles.com', 'Female', '9584 Maple Trail', 'Catac'),
(785, 'Christie', 'Vouls', 'Christie Vouls', 'cvoulsls@harvard.edu', 'Female', '9559 Lotheville Point', 'Jifarong'),
(786, 'Nona', 'Carnall', 'Nona Carnall', 'ncarnalllt@deviantart.com', 'Female', '9 2nd Trail', 'Ogod'),
(787, 'Marci', 'Mayte', 'Marci Mayte', 'mmaytelu@opera.com', '', '555 Maywood Court', 'San Antonio'),
(788, 'Emily', 'Whitebread', 'Emily Whitebread', 'ewhitebreadlv@addthis.com', 'Female', '8 Hayes Crossing', 'Täby'),
(789, 'Mervin', 'Humber', 'Mervin Humber', 'mhumberlw@wiley.com', 'Male', '63118 Utah Crossing', 'Weizhou'),
(790, 'Zach', 'Devenport', 'Zach Devenport', 'zdevenportlx@utexas.edu', 'Male', '788 Columbus Parkway', 'Tongqian'),
(791, 'Jo', 'Clemon', 'Jo Clemon', 'jclemonly@cnet.com', 'Female', '5 Dawn Trail', 'Werbkowice'),
(792, 'Andrew', 'Challiner', 'Andrew Challiner', 'achallinerlz@macromedia.com', 'Male', '00 Mosinee Junction', 'Babakanbungur'),
(793, 'Grier', 'Quadri', 'Grier Quadri', 'gquadrim0@google.nl', 'Female', '94597 Kedzie Road', 'Kungsbacka'),
(794, 'Christabel', 'Bonnell', 'Christabel Bonnell', 'cbonnellm1@craigslist.org', 'Female', '46084 Forster Hill', 'Oeiras'),
(795, 'Annadiana', 'Dranfield', 'Annadiana Dranfield', 'adranfieldm2@go.com', 'Female', '4534 Rigney Place', 'El Kef'),
(796, 'Pepe', 'Chiplin', 'Pepe Chiplin', 'pchiplinm3@comcast.net', 'Male', '6405 East Plaza', 'Moundou'),
(797, 'Orelie', 'Ivoshin', 'Orelie Ivoshin', 'oivoshinm4@elegantthemes.com', 'Female', '704 Pleasure Alley', 'Aurelliana'),
(798, 'Tally', 'Alenin', 'Tally Alenin', 'taleninm5@theatlantic.com', 'Male', '941 Kennedy Trail', 'Tokuyama'),
(799, 'Brande', 'Crippin', 'Brande Crippin', 'bcrippinm6@cargocollective.com', 'Female', '721 Loftsgordon Way', 'Bader'),
(800, 'Lyndsie', 'Vondracek', 'Lyndsie Vondracek', 'lvondracekm7@nifty.com', 'Female', '72 Ludington Court', 'Sherwood Park'),
(801, 'Roley', 'O\'Hearn', 'Roley O\'Hearn', 'rohearnm8@reuters.com', 'Male', '97 Muir Road', 'Quinta'),
(802, 'Ralf', 'Lawland', 'Ralf Lawland', 'rlawlandm9@ft.com', 'Male', '52 Hansons Hill', 'Gweedore'),
(803, 'Ermentrude', 'Norcross', 'Ermentrude Norcross', 'enorcrossma@accuweather.com', 'Female', '322 Westridge Junction', 'Pradera'),
(804, 'Norene', 'Innerstone', 'Norene Innerstone', 'ninnerstonemb@tuttocitta.it', 'Female', '8 Kings Crossing', 'Carrascal'),
(805, 'Judith', 'Vandrill', 'Judith Vandrill', 'jvandrillmc@marriott.com', 'Female', '1 Judy Parkway', 'Acolla'),
(806, 'Ursuline', 'Deverson', 'Ursuline Deverson', 'udeversonmd@deviantart.com', 'Female', '911 Ryan Trail', 'Jixin'),
(807, 'Ode', 'Derdes', 'Ode Derdes', 'oderdesme@fotki.com', 'Male', '9054 Kennedy Pass', 'Masalovka'),
(808, 'Henriette', 'Barford', 'Henriette Barford', 'hbarfordmf@adobe.com', 'Female', '210 Harper Way', 'Yoshida-kasugachō'),
(809, 'Chev', 'Dwyr', 'Chev Dwyr', 'cdwyrmg@nih.gov', 'Male', '785 Judy Street', 'Dobrovo'),
(810, 'Byrann', 'Prosh', 'Byrann Prosh', 'bproshmh@tinypic.com', 'Male', '27068 Starling Park', 'Pingpo'),
(811, 'Staffard', 'Bramall', 'Staffard Bramall', 'sbramallmi@blinklist.com', '', '90271 Artisan Circle', 'Del Valle'),
(812, 'Sonia', 'Kimmons', 'Sonia Kimmons', 'skimmonsmj@noaa.gov', '', '330 Jay Center', 'Fenyan'),
(813, 'Danette', 'Pavelka', 'Danette Pavelka', 'dpavelkamk@cdc.gov', 'Female', '3483 Village Green Road', 'Krzeszów'),
(814, 'Carlota', 'Schade', 'Carlota Schade', 'cschademl@discovery.com', 'Female', '80 Ramsey Avenue', 'Baliton'),
(815, 'Karrie', 'Butte', 'Karrie Butte', 'kbuttemm@wikimedia.org', 'Female', '2 Trailsway Circle', 'Carson City'),
(816, 'Krystle', 'Rowlinson', 'Krystle Rowlinson', 'krowlinsonmn@telegraph.co.uk', 'Female', '270 Nancy Pass', 'Juzhen'),
(817, 'Sonny', 'Hindmore', 'Sonny Hindmore', 'shindmoremo@prweb.com', 'Female', '448 Stone Corner Terrace', 'Štitar'),
(818, 'Jen', 'Bartusek', 'Jen Bartusek', 'jbartusekmp@creativecommons.org', '', '0 Grim Circle', 'Karangpaningal'),
(819, 'Eberhard', 'Wyborn', 'Eberhard Wyborn', 'ewybornmq@toplist.cz', 'Male', '01917 Rigney Trail', 'Jauja'),
(820, 'Eben', 'Vankeev', 'Eben Vankeev', 'evankeevmr@photobucket.com', 'Male', '92 Emmet Street', 'Bayt ‘Ūr at Taḩtā'),
(821, 'Sherm', 'Telezhkin', 'Sherm Telezhkin', 'stelezhkinms@google.com.au', 'Male', '92 Union Drive', 'Balagon'),
(822, 'Kennett', 'Lepoidevin', 'Kennett Lepoidevin', 'klepoidevinmt@comsenz.com', 'Male', '6 Forster Street', 'Santa Elena'),
(823, 'Nathalie', 'Grimmer', 'Nathalie Grimmer', 'ngrimmermu@cdc.gov', 'Female', '6 Hintze Trail', 'Kunyang'),
(824, 'Hamnet', 'Puttick', 'Hamnet Puttick', 'hputtickmv@hatena.ne.jp', 'Male', '0 Dakota Center', 'Xinjia'),
(825, 'Henrik', 'Rangle', 'Henrik Rangle', 'hranglemw@youtu.be', 'Male', '322 Mayer Alley', 'Rautalampi'),
(826, 'Rey', 'Camblin', 'Rey Camblin', 'rcamblinmx@example.com', '', '4 Waubesa Street', 'Daguyun'),
(827, 'Jacklin', 'Spinella', 'Jacklin Spinella', 'jspinellamy@artisteer.com', '', '6830 Caliangt Junction', 'Gaoua'),
(828, 'Georgine', 'Triebner', 'Georgine Triebner', 'gtriebnermz@theatlantic.com', 'Female', '55 Moland Parkway', 'Wongaya Kaja'),
(829, 'Abrahan', 'De Carolis', 'Abrahan De Carolis', 'adecarolisn0@fda.gov', 'Male', '500 Melrose Crossing', 'Cuozheqiangma'),
(830, 'Ganny', 'Kinchin', 'Ganny Kinchin', 'gkinchinn1@hc360.com', 'Male', '751 Independence Pass', 'Daxing'),
(831, 'Padraig', 'Melloy', 'Padraig Melloy', 'pmelloyn2@blog.com', 'Male', '7 Westerfield Pass', 'Guérande'),
(832, 'Locke', 'McLuckie', 'Locke McLuckie', 'lmcluckien3@umich.edu', 'Male', '5 Merchant Court', 'Las Heras'),
(833, 'Myrwyn', 'Kyne', 'Myrwyn Kyne', 'mkynen4@lulu.com', '', '8357 Butterfield Circle', 'Lahad Datu'),
(834, 'Krysta', 'Ticksall', 'Krysta Ticksall', 'kticksalln5@fastcompany.com', 'Female', '49555 Northwestern Crossing', 'La Cesira'),
(835, 'Garrard', 'Swaile', 'Garrard Swaile', 'gswailen6@plala.or.jp', '', '006 Fuller Plaza', 'Las Flores'),
(836, 'Griff', 'Brixey', 'Griff Brixey', 'gbrixeyn7@jigsy.com', 'Male', '535 Trailsway Junction', 'Đắk Mil'),
(837, 'Estevan', 'Lavington', 'Estevan Lavington', 'elavingtonn8@behance.net', 'Male', '3 Erie Plaza', 'Kryry'),
(838, 'Lesli', 'Libbe', 'Lesli Libbe', 'llibben9@cmu.edu', 'Female', '48 Lakewood Trail', 'Kangle'),
(839, 'Gasparo', 'Luscott', 'Gasparo Luscott', 'gluscottna@walmart.com', 'Male', '9 Arrowood Point', 'Zlonice'),
(840, 'Crista', 'Coddington', 'Crista Coddington', 'ccoddingtonnb@princeton.edu', 'Female', '81622 Moulton Avenue', 'Monastir'),
(841, 'Niko', 'Casazza', 'Niko Casazza', 'ncasazzanc@studiopress.com', 'Male', '0 Hayes Avenue', 'Beishan'),
(842, 'Chrissie', 'Hoff', 'Chrissie Hoff', 'choffnd@tamu.edu', 'Male', '03 Rowland Street', 'Pasacao'),
(843, 'Blanca', 'Waddams', 'Blanca Waddams', 'bwaddamsne@gizmodo.com', 'Female', '6012 Pennsylvania Place', 'Yanmen'),
(844, 'Glennis', 'Muspratt', 'Glennis Muspratt', 'gmusprattnf@phpbb.com', 'Female', '103 Comanche Circle', 'Legionowo'),
(845, 'Alysia', 'Gooddie', 'Alysia Gooddie', 'agooddieng@pen.io', '', '72100 Vahlen Way', 'Nyíregyháza'),
(846, 'Aubrey', 'Schleswig-Holstein', 'Aubrey Schleswig-Holstein', 'aschleswigholsteinnh@independent.co.uk', 'Male', '8197 Cottonwood Hill', 'Ludwin'),
(847, 'Chico', 'Benbrick', 'Chico Benbrick', 'cbenbrickni@rediff.com', 'Male', '25605 Lyons Street', 'Washington'),
(848, 'Udell', 'Adamini', 'Udell Adamini', 'uadamininj@google.es', 'Male', '643 Trailsway Place', 'Dongxin'),
(849, 'Roddy', 'Mazey', 'Roddy Mazey', 'rmazeynk@google.ca', 'Male', '6295 Butternut Trail', 'Marinhais'),
(850, 'Desdemona', 'Baylis', 'Desdemona Baylis', 'dbaylisnl@aboutads.info', '', '72 Emmet Crossing', 'Pura'),
(851, 'Brendon', 'Jeffrey', 'Brendon Jeffrey', 'bjeffreynm@cpanel.net', 'Male', '73354 Warrior Crossing', 'Cotuí'),
(852, 'Luis', 'Warhurst', 'Luis Warhurst', 'lwarhurstnn@zimbio.com', 'Male', '986 Bunting Street', 'Kapasan'),
(853, 'Adamo', 'Chidlow', 'Adamo Chidlow', 'achidlowno@com.com', 'Male', '32 Twin Pines Lane', 'Old Shinyanga'),
(854, 'Clio', 'Tremayle', 'Clio Tremayle', 'ctremaylenp@squarespace.com', 'Female', '81 Red Cloud Court', 'Tambac'),
(855, 'Marijo', 'Christoforou', 'Marijo Christoforou', 'mchristoforounq@privacy.gov.au', 'Female', '63 Oriole Point', 'Yacuíba'),
(856, 'Viviene', 'Binny', 'Viviene Binny', 'vbinnynr@cdbaby.com', 'Female', '244 Cordelia Court', 'Łąka Prudnicka'),
(857, 'Alverta', 'MacKenny', 'Alverta MacKenny', 'amackennyns@1und1.de', 'Female', '85196 Granby Park', 'Hamilton'),
(858, 'Mireille', 'Garaway', 'Mireille Garaway', 'mgarawaynt@meetup.com', 'Female', '6 Luster Avenue', 'Chak'),
(859, 'Fae', 'Indruch', 'Fae Indruch', 'findruchnu@ucoz.com', 'Female', '0568 Dorton Place', 'Zouérat'),
(860, 'Leia', 'McTague', 'Leia McTague', 'lmctaguenv@hud.gov', 'Female', '42 Hagan Junction', 'Oslomej'),
(861, 'Tammy', 'Hiner', 'Tammy Hiner', 'thinernw@nasa.gov', 'Female', '2991 Truax Pass', 'Pulian'),
(862, 'Janie', 'Baxandall', 'Janie Baxandall', 'jbaxandallnx@chronoengine.com', 'Female', '2384 8th Court', 'Debrzno'),
(863, 'Min', 'Hotton', 'Min Hotton', 'mhottonny@example.com', 'Female', '1 Twin Pines Junction', 'Kabar Utara'),
(864, 'Marcelle', 'De Coursey', 'Marcelle De Coursey', 'mdecourseynz@cdc.gov', 'Female', '9285 Quincy Court', 'Mary'),
(865, 'Herman', 'Kille', 'Herman Kille', 'hkilleo0@nasa.gov', 'Male', '95 Derek Point', 'Qixian'),
(866, 'Rayshell', 'Filippazzo', 'Rayshell Filippazzo', 'rfilippazzoo1@google.com.br', 'Female', '52155 Ridgeway Point', 'Cibungur'),
(867, 'Ardeen', 'Tilson', 'Ardeen Tilson', 'atilsono2@xrea.com', 'Female', '151 Ludington Plaza', 'Qingnianlu'),
(868, 'Patty', 'Gard', 'Patty Gard', 'pgardo3@twitpic.com', '', '95233 Hagan Circle', 'Naranjal'),
(869, 'Sasha', 'Liddicoat', 'Sasha Liddicoat', 'sliddicoato4@ucsd.edu', 'Male', '411 Golf Lane', 'Wilfrido Loor Moreira'),
(870, 'Flinn', 'Abadam', 'Flinn Abadam', 'fabadamo5@redcross.org', 'Male', '479 Mariners Cove Lane', 'Semarapura'),
(871, 'Netta', 'Swiers', 'Netta Swiers', 'nswierso6@yelp.com', 'Female', '93618 Schlimgen Terrace', 'Omurtag'),
(872, 'Phaedra', 'Ambrosini', 'Phaedra Ambrosini', 'pambrosinio7@squarespace.com', 'Female', '195 Luster Drive', 'San Diego'),
(873, 'Clark', 'McIlrath', 'Clark McIlrath', 'cmcilratho8@scribd.com', 'Male', '937 Onsgard Crossing', 'Vespasiano'),
(874, 'Caitrin', 'Battison', 'Caitrin Battison', 'cbattisono9@irs.gov', 'Female', '11 Crowley Place', 'Al Qurayn'),
(875, 'Jillana', 'Sine', 'Jillana Sine', 'jsineoa@lycos.com', 'Female', '95900 Golf Way', 'Osveya'),
(876, 'Dena', 'Winkett', 'Dena Winkett', 'dwinkettob@dion.ne.jp', 'Female', '0 Katie Place', 'Hesi'),
(877, 'Duane', 'Mordey', 'Duane Mordey', 'dmordeyoc@uol.com.br', 'Male', '96 Merrick Lane', 'Chernomorskiy'),
(878, 'Johnath', 'Peacey', 'Johnath Peacey', 'jpeaceyod@friendfeed.com', 'Female', '5 Farmco Plaza', 'Bluefields'),
(879, 'Cherilyn', 'Jillis', 'Cherilyn Jillis', 'cjillisoe@studiopress.com', 'Female', '53106 Barnett Place', 'Tizgane'),
(880, 'Dalton', 'De Stoop', 'Dalton De Stoop', 'ddestoopof@odnoklassniki.ru', '', '94285 Nevada Lane', 'Bairan'),
(881, 'Michale', 'Nazareth', 'Michale Nazareth', 'mnazarethog@constantcontact.com', 'Male', '49051 Montana Pass', 'Jincheng');
INSERT INTO `customers` (`id`, `first_name`, `last_name`, `full_name`, `email`, `gender`, `street`, `city`) VALUES
(882, 'Josephina', 'Laybourne', 'Josephina Laybourne', 'jlaybourneoh@comcast.net', 'Female', '194 Michigan Trail', 'Renhe'),
(883, 'Hazel', 'Stedson', 'Hazel Stedson', 'hstedsonoi@gizmodo.com', '', '82 Prentice Alley', 'Brušperk'),
(884, 'Marvin', 'Pallant', 'Marvin Pallant', 'mpallantoj@yelp.com', 'Male', '39 Rowland Drive', 'Harbin'),
(885, 'Berti', 'Pauler', 'Berti Pauler', 'bpaulerok@paypal.com', 'Female', '6663 Pepper Wood Lane', 'Wujia'),
(886, 'Almeria', 'Atcock', 'Almeria Atcock', 'aatcockol@cnbc.com', 'Female', '85293 Eagan Avenue', 'Quinta'),
(887, 'Aurthur', 'Vivien', 'Aurthur Vivien', 'avivienom@ibm.com', '', '14620 Mayer Street', 'Cabañas'),
(888, 'Letti', 'Stivers', 'Letti Stivers', 'lstiverson@alexa.com', 'Female', '9 Waywood Hill', 'Xinglong'),
(889, 'Sharona', 'Lyfe', 'Sharona Lyfe', 'slyfeoo@cargocollective.com', '', '0661 Truax Junction', 'Xinbei'),
(890, 'Traver', 'Officer', 'Traver Officer', 'tofficerop@wix.com', '', '00309 Fairview Place', 'Weizheng'),
(891, 'Darn', 'Grinyer', 'Darn Grinyer', 'dgrinyeroq@nytimes.com', 'Male', '51535 Kim Circle', 'Munka-Ljungby'),
(892, 'Constantin', 'Ross', 'Constantin Ross', 'crossor@youtu.be', 'Male', '42945 Vermont Center', 'Presidencia Roque Sáenz Peña'),
(893, 'Gardener', 'Arney', 'Gardener Arney', 'garneyos@miibeian.gov.cn', 'Male', '26 Sherman Plaza', 'Krajan'),
(894, 'Emmery', 'Mattaser', 'Emmery Mattaser', 'emattaserot@techcrunch.com', 'Male', '07 Talmadge Drive', 'Concepción'),
(895, 'Frederick', 'Giscken', 'Frederick Giscken', 'fgisckenou@wufoo.com', 'Male', '66327 Lake View Drive', 'Casalinho'),
(896, 'Cornela', 'Burt', 'Cornela Burt', 'cburtov@t-online.de', 'Female', '8296 Myrtle Lane', 'Korobitsyno'),
(897, 'Armin', 'Loxly', 'Armin Loxly', 'aloxlyow@admin.ch', 'Male', '85 4th Hill', 'Putun'),
(898, 'Gustavus', 'Ambrosoli', 'Gustavus Ambrosoli', 'gambrosoliox@twitter.com', 'Male', '0745 Northfield Terrace', 'Volot'),
(899, 'Mozelle', 'Smee', 'Mozelle Smee', 'msmeeoy@accuweather.com', 'Female', '90 Vernon Park', 'Sundsvall'),
(900, 'Patrizius', 'Mallard', 'Patrizius Mallard', 'pmallardoz@twitter.com', 'Male', '92 5th Junction', 'Caronoan West'),
(901, 'Alvy', 'Bladen', 'Alvy Bladen', 'abladenp0@canalblog.com', 'Male', '90 Sutherland Road', 'Kalisabuk'),
(902, 'Pen', 'Ruppertz', 'Pen Ruppertz', 'pruppertzp1@senate.gov', 'Male', '1636 La Follette Pass', 'Pingling'),
(903, 'Therese', 'Vowden', 'Therese Vowden', 'tvowdenp2@state.tx.us', '', '4991 Cambridge Place', 'Guápiles'),
(904, 'Benton', 'Mayne', 'Benton Mayne', 'bmaynep3@weather.com', 'Male', '8649 Anhalt Terrace', 'Naranjos'),
(905, 'Enrica', 'Stammirs', 'Enrica Stammirs', 'estammirsp4@constantcontact.com', 'Female', '7494 Nobel Court', 'La Paz Centro'),
(906, 'Rakel', 'Stuehmeyer', 'Rakel Stuehmeyer', 'rstuehmeyerp5@sbwire.com', 'Female', '54155 Messerschmidt Way', 'Kafr Zaytā'),
(907, 'Alaster', 'Lafuente', 'Alaster Lafuente', 'alafuentep6@mashable.com', 'Male', '7 Burning Wood Street', 'Al ‘Udayn'),
(908, 'Betsey', 'Naisbitt', 'Betsey Naisbitt', 'bnaisbittp7@cornell.edu', 'Female', '93437 Mcbride Center', 'Mandal'),
(909, 'Shelby', 'Bollom', 'Shelby Bollom', 'sbollomp8@multiply.com', 'Female', '72929 Grayhawk Alley', 'Kālīganj'),
(910, 'Kristy', 'Windrass', 'Kristy Windrass', 'kwindrassp9@cocolog-nifty.com', 'Female', '99 Emmet Road', 'Caoping'),
(911, 'Chantal', 'Evett', 'Chantal Evett', 'cevettpa@independent.co.uk', 'Female', '8 Talmadge Way', 'Laozhuang'),
(912, 'Vernen', 'Parzis', 'Vernen Parzis', 'vparzispb@ox.ac.uk', 'Male', '54292 Hermina Terrace', 'Monte Plata'),
(913, 'Milicent', 'Humblestone', 'Milicent Humblestone', 'mhumblestonepc@youtu.be', 'Female', '39874 Bunting Place', 'Krapyak Kidul'),
(914, 'Cally', 'Aistrop', 'Cally Aistrop', 'caistroppd@artisteer.com', '', '05387 Badeau Court', 'Nanganumba'),
(915, 'Kahlil', 'Wallworth', 'Kahlil Wallworth', 'kwallworthpe@hhs.gov', 'Male', '936 Welch Terrace', 'Masaraway'),
(916, 'Dorice', 'Ruddock', 'Dorice Ruddock', 'druddockpf@wp.com', 'Female', '2 Chive Road', 'Valejas'),
(917, 'Marylin', 'Reggler', 'Marylin Reggler', 'mregglerpg@weebly.com', 'Female', '50899 Drewry Alley', 'Los Juríes'),
(918, 'Edward', 'Lippatt', 'Edward Lippatt', 'elippattph@flavors.me', 'Male', '42 Prairie Rose Junction', 'Bakalang'),
(919, 'Meriel', 'Coveney', 'Meriel Coveney', 'mcoveneypi@rediff.com', '', '0712 Morningstar Point', 'Yerazgavors'),
(920, 'Erica', 'Farres', 'Erica Farres', 'efarrespj@weather.com', 'Female', '50 Barby Pass', 'Sogati'),
(921, 'Siegfried', 'Cousins', 'Siegfried Cousins', 'scousinspk@cpanel.net', 'Male', '74 Monterey Lane', 'Bayambang'),
(922, 'Staford', 'Carley', 'Staford Carley', 'scarleypl@nhs.uk', 'Male', '659 Reindahl Drive', 'Gavarr'),
(923, 'Willdon', 'Oxtaby', 'Willdon Oxtaby', 'woxtabypm@csmonitor.com', 'Male', '461 Bellgrove Hill', 'Lutian'),
(924, 'Marigold', 'Rushby', 'Marigold Rushby', 'mrushbypn@de.vu', 'Female', '7 David Plaza', 'Jinshanpu'),
(925, 'Thia', 'Gunther', 'Thia Gunther', 'tguntherpo@arstechnica.com', 'Female', '96 Hallows Junction', 'Cidima'),
(926, 'Gray', 'Corpe', 'Gray Corpe', 'gcorpepp@google.com', 'Male', '11022 Riverside Circle', 'Santa Rosa'),
(927, 'Dare', 'Liddel', 'Dare Liddel', 'dliddelpq@simplemachines.org', '', '901 Gerald Point', 'Shuangshan'),
(928, 'Jennine', 'Eayrs', 'Jennine Eayrs', 'jeayrspr@ucoz.com', 'Female', '4436 Merrick Crossing', 'Lom Sak'),
(929, 'Vernice', 'Serotsky', 'Vernice Serotsky', 'vserotskyps@reddit.com', 'Female', '7 Elmside Alley', 'Daping'),
(930, 'Rhona', 'Rosone', 'Rhona Rosone', 'rrosonept@nifty.com', 'Female', '0 Texas Court', 'Shendang'),
(931, 'Aldrich', 'Mills', 'Aldrich Mills', 'amillspu@constantcontact.com', '', '5 Rieder Crossing', 'Tabor'),
(932, 'Ansel', 'Tripp', 'Ansel Tripp', 'atripppv@hud.gov', '', '7115 Harper Road', 'Zlatar'),
(933, 'Padraic', 'Janzen', 'Padraic Janzen', 'pjanzenpw@examiner.com', 'Male', '4 Westend Point', 'Sanjiazi'),
(934, 'Maia', 'McCrohon', 'Maia McCrohon', 'mmccrohonpx@shutterfly.com', 'Female', '334 Manufacturers Circle', 'Wufeng'),
(935, 'Hilario', 'Fullbrook', 'Hilario Fullbrook', 'hfullbrookpy@constantcontact.com', 'Male', '4624 Arrowood Drive', 'Quận Tân Phú'),
(936, 'Reinold', 'Nellen', 'Reinold Nellen', 'rnellenpz@ebay.com', '', '3 Heffernan Court', 'Górzno'),
(937, 'Bobbe', 'Denslow', 'Bobbe Denslow', 'bdenslowq0@cocolog-nifty.com', 'Female', '8809 Manley Point', 'Prakhon Chai'),
(938, 'Bev', 'Puve', 'Bev Puve', 'bpuveq1@i2i.jp', '', '45663 Miller Terrace', 'Santo Aleixo'),
(939, 'Lorrayne', 'Holton', 'Lorrayne Holton', 'lholtonq2@forbes.com', 'Female', '0 Spaight Alley', 'Bayan Ewenke Minzu'),
(940, 'Rolph', 'Inker', 'Rolph Inker', 'rinkerq3@chronoengine.com', 'Male', '494 Kingsford Lane', 'Xiyang'),
(941, 'Arlene', 'Meiklem', 'Arlene Meiklem', 'ameiklemq4@wiley.com', 'Female', '4 Donald Place', 'Dailing'),
(942, 'Talbert', 'Sampey', 'Talbert Sampey', 'tsampeyq5@wordpress.com', 'Male', '4 Blaine Plaza', 'Bagakay'),
(943, 'Camey', 'Bannerman', 'Camey Bannerman', 'cbannermanq6@de.vu', 'Male', '76804 Armistice Point', 'Mudian'),
(944, 'Minta', 'Tonsley', 'Minta Tonsley', 'mtonsleyq7@mlb.com', 'Female', '4 Elmside Park', 'Soutinho'),
(945, 'Hallie', 'Ivanuschka', 'Hallie Ivanuschka', 'hivanuschkaq8@wisc.edu', 'Female', '8758 Westridge Court', 'Sąspów'),
(946, 'Ag', 'Halfacree', 'Ag Halfacree', 'ahalfacreeq9@mozilla.com', 'Female', '19851 Russell Place', 'Katagum'),
(947, 'Marnie', 'Watton', 'Marnie Watton', 'mwattonqa@adobe.com', 'Female', '440 7th Street', 'Diez de Octubre'),
(948, 'Austin', 'Bodycombe', 'Austin Bodycombe', 'abodycombeqb@blinklist.com', 'Male', '35966 Mockingbird Parkway', 'Gaobu'),
(949, 'Ward', 'Ridout', 'Ward Ridout', 'wridoutqc@cpanel.net', '', '10759 Brown Court', 'Biloxi'),
(950, 'Evita', 'Wayon', 'Evita Wayon', 'ewayonqd@alexa.com', 'Female', '3 Valley Edge Alley', 'Vlachovo Březí'),
(951, 'Vivyan', 'Engel', 'Vivyan Engel', 'vengelqe@skyrock.com', 'Female', '884 Quincy Pass', 'Indramayu'),
(952, 'Ambros', 'Lowdes', 'Ambros Lowdes', 'alowdesqf@blogtalkradio.com', 'Male', '97598 Meadow Valley Point', 'Cauayan'),
(953, 'Norbert', 'Landman', 'Norbert Landman', 'nlandmanqg@ucla.edu', 'Male', '263 Village Parkway', 'Stockholm'),
(954, 'Clary', 'Pressnell', 'Clary Pressnell', 'cpressnellqh@chronoengine.com', 'Female', '642 Debra Center', 'Beidou'),
(955, 'Jarrod', 'Pickavant', 'Jarrod Pickavant', 'jpickavantqi@ucoz.ru', 'Male', '1 3rd Terrace', 'Želetava'),
(956, 'Luella', 'Chatel', 'Luella Chatel', 'lchatelqj@rediff.com', '', '16905 Golden Leaf Drive', 'Huangshui'),
(957, 'Daron', 'Camois', 'Daron Camois', 'dcamoisqk@go.com', 'Male', '3 Autumn Leaf Alley', 'Celorico de Basto'),
(958, 'Dore', 'Bertouloume', 'Dore Bertouloume', 'dbertouloumeql@reference.com', 'Female', '158 Brentwood Pass', 'Norzagaray'),
(959, 'Emelyne', 'Bloore', 'Emelyne Bloore', 'eblooreqm@livejournal.com', 'Female', '0411 Warrior Parkway', 'Tugdan'),
(960, 'Frank', 'Marini', 'Frank Marini', 'fmariniqn@google.pl', 'Female', '7398 Saint Paul Pass', 'Ejido'),
(961, 'Tommi', 'Chatt', 'Tommi Chatt', 'tchattqo@wsj.com', '', '80 South Terrace', 'Ayabe'),
(962, 'Lou', 'Hanrott', 'Lou Hanrott', 'lhanrottqp@simplemachines.org', 'Male', '9 Merrick Point', 'Andekantor'),
(963, 'Yankee', 'Krauss', 'Yankee Krauss', 'ykraussqq@clickbank.net', 'Male', '3 Superior Road', 'Shen’ao'),
(964, 'Leola', 'Pargetter', 'Leola Pargetter', 'lpargetterqr@walmart.com', 'Female', '29624 Independence Drive', 'Shuangpengxi'),
(965, 'Garrott', 'Iremonger', 'Garrott Iremonger', 'giremongerqs@photobucket.com', 'Male', '319 Sycamore Parkway', 'Bilohirs’k'),
(966, 'Tessy', 'Llorente', 'Tessy Llorente', 'tllorenteqt@live.com', 'Female', '3717 Hanson Park', 'Potou'),
(967, 'Bondie', 'Hazley', 'Bondie Hazley', 'bhazleyqu@scribd.com', 'Male', '32168 Gulseth Point', 'Stockholm'),
(968, 'Scarface', 'Hinemoor', 'Scarface Hinemoor', 'shinemoorqv@de.vu', '', '6250 Clemons Terrace', 'Straldzha'),
(969, 'Amos', 'Blaxter', 'Amos Blaxter', 'ablaxterqw@creativecommons.org', 'Male', '08851 Arkansas Circle', 'Mao'),
(970, 'Ailbert', 'Duetschens', 'Ailbert Duetschens', 'aduetschensqx@is.gd', 'Male', '1907 Dunning Plaza', 'Debeljača'),
(971, 'Tobin', 'Dranfield', 'Tobin Dranfield', 'tdranfieldqy@desdev.cn', 'Male', '2018 Leroy Alley', 'Makuyuni'),
(972, 'Ryan', 'Daykin', 'Ryan Daykin', 'rdaykinqz@hatena.ne.jp', 'Male', '548 Larry Junction', 'Sakchu-ŭp'),
(973, 'Ken', 'Wilne', 'Ken Wilne', 'kwilner0@marketwatch.com', 'Male', '6 Spaight Circle', 'Huddinge'),
(974, 'Earvin', 'Feeham', 'Earvin Feeham', 'efeehamr1@noaa.gov', 'Male', '71 Charing Cross Point', 'Niutian'),
(975, 'Lowrance', 'Peschet', 'Lowrance Peschet', 'lpeschetr2@ucoz.ru', 'Male', '9807 Chive Way', 'Miasskoye'),
(976, 'Karissa', 'Gagin', 'Karissa Gagin', 'kgaginr3@slate.com', 'Female', '93258 Texas Park', 'Croix'),
(977, 'Ogden', 'Dennehy', 'Ogden Dennehy', 'odennehyr4@harvard.edu', 'Male', '83284 Towne Alley', 'Águia Branca'),
(978, 'Bethany', 'Worge', 'Bethany Worge', 'bworger5@themeforest.net', 'Female', '621 Knutson Trail', 'Dordrecht'),
(979, 'Barn', 'Blindermann', 'Barn Blindermann', 'bblindermannr6@sun.com', 'Male', '63 Caliangt Alley', 'Gubo'),
(980, 'Rosana', 'Philipot', 'Rosana Philipot', 'rphilipotr7@wp.com', 'Female', '22 West Parkway', 'Évreux'),
(981, 'Rafael', 'Powers', 'Rafael Powers', 'rpowersr8@smh.com.au', 'Male', '96634 Novick Point', 'Verkhnya Rozhanka'),
(982, 'Burton', 'Kenworthy', 'Burton Kenworthy', 'bkenworthyr9@nbcnews.com', 'Male', '12538 Cardinal Lane', 'Skwierzyna'),
(983, 'Frank', 'Klawi', 'Frank Klawi', 'fklawira@mtv.com', 'Male', '58039 Ruskin Lane', 'Rahayu Dua'),
(984, 'Jemima', 'Crawshay', 'Jemima Crawshay', 'jcrawshayrb@cdc.gov', 'Female', '1 Moland Hill', 'New York City'),
(985, 'Wheeler', 'Garmey', 'Wheeler Garmey', 'wgarmeyrc@webs.com', 'Male', '9 Cherokee Pass', 'Velenje'),
(986, 'Clari', 'Sole', 'Clari Sole', 'csolerd@myspace.com', 'Female', '00 Sauthoff Hill', 'Huitang'),
(987, 'Linzy', 'Enochsson', 'Linzy Enochsson', 'lenochssonre@apache.org', 'Female', '7 Michigan Drive', 'Junzhuang'),
(988, 'Ingrim', 'Blunsen', 'Ingrim Blunsen', 'iblunsenrf@bizjournals.com', 'Male', '36422 Mcguire Avenue', 'Qinggis Han'),
(989, 'Corbin', 'Ridesdale', 'Corbin Ridesdale', 'cridesdalerg@arstechnica.com', 'Male', '435 Westridge Alley', 'San Miguelito'),
(990, 'Orly', 'Sealand', 'Orly Sealand', 'osealandrh@hibu.com', 'Female', '70 West Avenue', 'Al Khawkhah'),
(991, 'Barbie', 'Issit', 'Barbie Issit', 'bissitri@jigsy.com', 'Female', '596 Butterfield Hill', 'Kariat Arkmane'),
(992, 'Donnell', 'Barnett', 'Donnell Barnett', 'dbarnettrj@sina.com.cn', 'Male', '28056 Crest Line Park', 'Rudziczka'),
(993, 'Marla', 'Hammond', 'Marla Hammond', 'mhammondrk@g.co', 'Female', '2920 Tennessee Park', 'Sanjiangkou'),
(994, 'Adaline', 'Crathern', 'Adaline Crathern', 'acrathernrl@sphinn.com', 'Female', '6972 American Ash Terrace', 'Veyno'),
(995, 'Monty', 'Oke', 'Monty Oke', 'mokerm@clickbank.net', 'Male', '3 Steensland Pass', 'Velasco Ibarra'),
(996, 'Kristoforo', 'Klosa', 'Kristoforo Klosa', 'kklosarn@uiuc.edu', 'Male', '0 Surrey Circle', 'Langford'),
(997, 'Frankie', 'Seage', 'Frankie Seage', 'fseagero@nbcnews.com', 'Male', '009 Drewry Junction', 'Hujiaying'),
(998, 'Phyllis', 'Rearden', 'Phyllis Rearden', 'preardenrp@constantcontact.com', 'Female', '80 Transport Terrace', 'Guanyang'),
(999, 'Cilka', 'Needham', 'Cilka Needham', 'cneedhamrq@auda.org.au', 'Female', '043 Randy Drive', 'Cipasung'),
(1000, 'Stanly', 'Phillips', 'Stanly Phillips', 'sphillipsrr@netlog.com', 'Male', '328 Schurz Lane', 'Anse Royale');

-- --------------------------------------------------------

--
-- Table structure for table `employee`
--

CREATE TABLE `employee` (
  `id` int(1) NOT NULL,
  `name` varchar(5) DEFAULT NULL
) ENGINE=InnoDB DEFAULT CHARSET=utf8 ROW_FORMAT=COMPACT;

--
-- Dumping data for table `employee`
--

INSERT INTO `employee` (`id`, `name`) VALUES
(1, 'Sam'),
(2, 'Kate'),
(3, 'Blake'),
(4, 'Kate'),
(5, 'Jim'),
(6, 'Patty');

-- --------------------------------------------------------

--
-- Table structure for table `products`
--

CREATE TABLE `products` (
  `productId` int(1) NOT NULL,
  `name` varchar(2) DEFAULT NULL,
  `price` decimal(4,2) DEFAULT NULL
) ENGINE=InnoDB DEFAULT CHARSET=utf8 ROW_FORMAT=COMPACT;

--
-- Dumping data for table `products`
--

INSERT INTO `products` (`productId`, `name`, `price`) VALUES
(1, 'P1', '32.99'),
(2, 'P2', '21.50'),
(3, 'P3', '34.99'),
(4, 'P4', '10.99'),
(5, 'P5', '35.49'),
(6, 'P6', '12.99'),
(7, 'P7', '54.99'),
(8, 'P8', '76.99'),
(9, 'P9', '54.99');

-- --------------------------------------------------------

--
-- Table structure for table `sales`
--

CREATE TABLE `sales` (
  `invoiceId` int(7) NOT NULL,
  `product_name` varchar(2) DEFAULT NULL,
  `date` varchar(10) DEFAULT NULL,
  `sales_person` int(7) DEFAULT NULL,
  `customer_id` int(11) DEFAULT NULL,
  `product_id` int(7) NOT NULL
) ENGINE=InnoDB DEFAULT CHARSET=utf8 ROW_FORMAT=COMPACT;

--
-- Dumping data for table `sales`
--

INSERT INTO `sales` (`invoiceId`, `product_name`, `date`, `sales_person`, `customer_id`, `product_id`) VALUES
(1230001, 'P8', '19/06/2020', 6, 123, 8),
(1230002, 'P3', '3/07/2020', 3, 160, 3),
(1230003, 'P6', '1/07/2020', 2, 745, 6),
(1230004, 'P5', '16/06/2020', 6, 365, 5),
(1230005, 'P3', '14/06/2020', 2, 982, 3),
(1230006, 'P5', '5/07/2020', 2, 695, 5),
(1230007, 'P9', '2/07/2020', 3, 47, 9),
(1230008, 'P7', '18/06/2020', 2, 936, 7),
(1230009, 'P3', '25/06/2020', 5, 657, 3),
(1230010, 'P9', '24/06/2020', 6, 86, 9),
(1230011, 'P2', '5/06/2020', 2, 730, 2),
(1230012, 'P2', '13/06/2020', 1, 981, 2),
(1230013, 'P5', '2/07/2020', 3, 191, 5),
(1230014, 'P1', '13/06/2020', 3, 3, 1),
(1230015, 'P9', '1/06/2020', 2, 130, 9),
(1230016, 'P9', '13/06/2020', 3, 901, 9),
(1230017, 'P4', '29/06/2020', 2, 814, 4),
(1230018, 'P1', '28/06/2020', 3, 344, 1),
(1230019, 'P8', '19/06/2020', 2, 357, 8),
(1230020, 'P3', '2/07/2020', 5, 23, 3),
(1230021, 'P1', '24/06/2020', 1, 287, 1),
(1230022, 'P9', '12/06/2020', 6, 294, 9),
(1230023, 'P5', '21/06/2020', 3, 757, 5),
(1230024, 'P2', '24/06/2020', 3, 804, 2),
(1230025, 'P2', '16/06/2020', 6, 195, 2),
(1230026, 'P8', '16/06/2020', 1, 720, 8),
(1230027, 'P7', '17/06/2020', 6, 432, 7),
(1230028, 'P2', '23/06/2020', 2, 947, 2),
(1230029, 'P9', '2/07/2020', 2, 422, 9),
(1230030, 'P3', '1/06/2020', 1, 674, 3),
(1230031, 'P7', '30/06/2020', 3, 950, 7),
(1230032, 'P8', '9/06/2020', 5, 96, 8),
(1230033, 'P7', '23/06/2020', 2, 620, 7),
(1230034, 'P9', '4/07/2020', 6, 107, 9),
(1230035, 'P2', '22/06/2020', 3, 346, 2),
(1230036, 'P8', '25/06/2020', 2, 726, 8),
(1230037, 'P4', '13/06/2020', 3, 531, 4),
(1230038, 'P2', '18/06/2020', 3, 924, 2),
(1230039, 'P3', '28/06/2020', 3, 985, 3),
(1230040, 'P8', '5/06/2020', 5, 783, 8),
(1230041, 'P5', '27/06/2020', 2, 800, 5),
(1230042, 'P8', '2/06/2020', 5, 589, 8),
(1230043, 'P3', '12/06/2020', 6, 229, 3),
(1230044, 'P1', '11/06/2020', 2, 977, 1),
(1230045, 'P4', '1/07/2020', 5, 219, 4),
(1230046, 'P3', '8/06/2020', 3, 868, 3),
(1230047, 'P9', '20/06/2020', 3, 849, 9),
(1230048, 'P1', '1/06/2020', 5, 582, 1),
(1230049, 'P5', '6/07/2020', 5, 535, 5),
(1230050, 'P4', '27/06/2020', 5, 911, 4),
(1230051, 'P1', '11/06/2020', 5, 58, 1),
(1230052, 'P4', '9/06/2020', 2, 829, 4),
(1230053, 'P2', '8/06/2020', 6, 687, 2),
(1230054, 'P8', '1/07/2020', 2, 779, 8),
(1230055, 'P2', '17/06/2020', 6, 873, 2),
(1230056, 'P8', '1/07/2020', 6, 52, 8),
(1230057, 'P4', '9/06/2020', 1, 910, 4),
(1230058, 'P9', '16/06/2020', 3, 832, 9),
(1230059, 'P9', '20/06/2020', 6, 427, 9),
(1230060, 'P2', '23/06/2020', 3, 884, 2),
(1230061, 'P8', '4/06/2020', 6, 31, 8),
(1230062, 'P9', '2/07/2020', 5, 456, 9),
(1230063, 'P9', '6/07/2020', 6, 620, 9),
(1230064, 'P4', '4/06/2020', 5, 750, 4),
(1230065, 'P3', '30/06/2020', 6, 257, 3),
(1230066, 'P9', '19/06/2020', 3, 280, 9),
(1230067, 'P1', '2/07/2020', 1, 259, 1),
(1230068, 'P1', '29/06/2020', 5, 408, 1),
(1230069, 'P4', '23/06/2020', 6, 910, 4),
(1230070, 'P5', '12/06/2020', 2, 904, 5),
(1230071, 'P3', '19/06/2020', 6, 532, 3),
(1230072, 'P6', '13/06/2020', 3, 8, 6),
(1230073, 'P4', '2/06/2020', 3, 250, 4),
(1230074, 'P6', '16/06/2020', 2, 416, 6),
(1230075, 'P6', '4/06/2020', 6, 931, 6),
(1230076, 'P9', '6/06/2020', 5, 31, 9),
(1230077, 'P9', '6/07/2020', 2, 353, 9),
(1230078, 'P9', '20/06/2020', 1, 841, 9),
(1230079, 'P5', '15/06/2020', 2, 371, 5),
(1230080, 'P3', '5/06/2020', 2, 739, 3),
(1230081, 'P3', '1/07/2020', 2, 814, 3),
(1230082, 'P2', '3/06/2020', 1, 206, 2),
(1230083, 'P5', '29/06/2020', 2, 757, 5),
(1230084, 'P2', '27/06/2020', 1, 536, 2),
(1230085, 'P3', '28/06/2020', 2, 705, 3),
(1230086, 'P3', '24/06/2020', 6, 167, 3),
(1230087, 'P6', '27/06/2020', 5, 669, 6),
(1230088, 'P6', '13/06/2020', 6, 540, 6),
(1230089, 'P6', '24/06/2020', 2, 506, 6),
(1230090, 'P5', '2/06/2020', 5, 354, 5),
(1230091, 'P7', '9/06/2020', 6, 670, 7),
(1230092, 'P3', '26/06/2020', 2, 604, 3),
(1230093, 'P1', '5/06/2020', 6, 643, 1),
(1230094, 'P9', '27/06/2020', 6, 906, 9),
(1230095, 'P8', '21/06/2020', 3, 993, 8),
(1230096, 'P2', '28/06/2020', 3, 238, 2),
(1230097, 'P6', '17/06/2020', 5, 695, 6),
(1230098, 'P6', '5/06/2020', 5, 49, 6),
(1230099, 'P5', '4/07/2020', 1, 50, 5),
(1230100, 'P7', '15/06/2020', 6, 861, 7),
(1230101, 'P9', '8/06/2020', 6, 220, 9),
(1230102, 'P2', '5/07/2020', 1, 831, 2),
(1230103, 'P7', '3/06/2020', 3, 764, 7),
(1230104, 'P8', '8/06/2020', 5, 667, 8),
(1230105, 'P3', '17/06/2020', 2, 673, 3),
(1230106, 'P8', '5/07/2020', 5, 617, 8),
(1230107, 'P6', '22/06/2020', 6, 23, 6),
(1230108, 'P1', '4/07/2020', 1, 315, 1),
(1230109, 'P1', '26/06/2020', 6, 455, 1),
(1230110, 'P2', '6/07/2020', 3, 324, 2),
(1230111, 'P8', '6/06/2020', 2, 597, 8),
(1230112, 'P7', '25/06/2020', 5, 146, 7),
(1230113, 'P5', '30/06/2020', 1, 805, 5),
(1230114, 'P2', '18/06/2020', 2, 876, 2),
(1230115, 'P7', '12/06/2020', 1, 952, 7),
(1230116, 'P2', '11/06/2020', 5, 720, 2),
(1230117, 'P9', '18/06/2020', 2, 953, 9),
(1230118, 'P6', '21/06/2020', 5, 254, 6),
(1230119, 'P3', '6/07/2020', 2, 245, 3),
(1230120, 'P8', '2/07/2020', 2, 902, 8),
(1230121, 'P9', '6/07/2020', 2, 177, 9),
(1230122, 'P8', '8/06/2020', 2, 186, 8),
(1230123, 'P4', '6/06/2020', 5, 286, 4),
(1230124, 'P8', '3/06/2020', 3, 248, 8),
(1230125, 'P1', '28/06/2020', 1, 817, 1),
(1230126, 'P1', '1/06/2020', 1, 158, 1),
(1230127, 'P7', '26/06/2020', 3, 582, 7),
(1230128, 'P8', '23/06/2020', 1, 909, 8),
(1230129, 'P8', '5/07/2020', 5, 393, 8),
(1230130, 'P7', '10/06/2020', 6, 649, 7),
(1230131, 'P9', '10/06/2020', 5, 18, 9),
(1230132, 'P2', '2/07/2020', 2, 302, 2),
(1230133, 'P5', '19/06/2020', 5, 844, 5),
(1230134, 'P1', '19/06/2020', 3, 640, 1),
(1230135, 'P6', '1/06/2020', 2, 424, 6),
(1230136, 'P2', '24/06/2020', 2, 878, 2),
(1230137, 'P8', '21/06/2020', 3, 15, 8),
(1230138, 'P6', '28/06/2020', 2, 973, 6),
(1230139, 'P4', '2/07/2020', 3, 237, 4),
(1230140, 'P6', '1/06/2020', 2, 440, 6),
(1230141, 'P1', '20/06/2020', 2, 371, 1),
(1230142, 'P6', '9/06/2020', 2, 420, 6),
(1230143, 'P1', '14/06/2020', 1, 759, 1),
(1230144, 'P7', '7/06/2020', 5, 219, 7),
(1230145, 'P7', '2/07/2020', 2, 228, 7),
(1230146, 'P5', '27/06/2020', 3, 945, 5),
(1230147, 'P7', '10/06/2020', 5, 504, 7),
(1230148, 'P9', '2/07/2020', 6, 195, 9),
(1230149, 'P4', '21/06/2020', 2, 44, 4),
(1230150, 'P9', '23/06/2020', 2, 414, 9),
(1230151, 'P3', '30/06/2020', 5, 564, 3),
(1230152, 'P2', '6/06/2020', 1, 482, 2),
(1230153, 'P2', '7/06/2020', 1, 764, 2),
(1230154, 'P7', '2/07/2020', 3, 660, 7),
(1230155, 'P1', '25/06/2020', 2, 722, 1),
(1230156, 'P6', '2/07/2020', 3, 777, 6),
(1230157, 'P4', '3/06/2020', 6, 93, 4),
(1230158, 'P5', '21/06/2020', 2, 415, 5),
(1230159, 'P1', '22/06/2020', 2, 758, 1),
(1230160, 'P9', '2/06/2020', 2, 438, 9),
(1230161, 'P2', '5/06/2020', 1, 645, 2),
(1230162, 'P7', '7/06/2020', 3, 513, 7),
(1230163, 'P5', '25/06/2020', 2, 294, 5),
(1230164, 'P6', '4/06/2020', 1, 84, 6),
(1230165, 'P3', '10/06/2020', 5, 946, 3),
(1230166, 'P5', '23/06/2020', 2, 597, 5),
(1230167, 'P5', '14/06/2020', 3, 242, 5),
(1230168, 'P2', '29/06/2020', 2, 9, 2),
(1230169, 'P2', '14/06/2020', 6, 2, 2),
(1230170, 'P3', '25/06/2020', 6, 555, 3),
(1230171, 'P5', '16/06/2020', 2, 50, 5),
(1230172, 'P7', '1/06/2020', 2, 281, 7),
(1230173, 'P7', '25/06/2020', 3, 758, 7),
(1230174, 'P3', '5/06/2020', 1, 730, 3),
(1230175, 'P3', '24/06/2020', 6, 514, 3),
(1230176, 'P1', '8/06/2020', 6, 451, 1),
(1230177, 'P8', '1/07/2020', 5, 542, 8),
(1230178, 'P9', '30/06/2020', 6, 889, 9),
(1230179, 'P8', '2/07/2020', 2, 416, 8),
(1230180, 'P2', '22/06/2020', 6, 121, 2),
(1230181, 'P9', '30/06/2020', 5, 948, 9),
(1230182, 'P4', '14/06/2020', 2, 959, 4),
(1230183, 'P4', '3/06/2020', 2, 341, 4),
(1230184, 'P8', '1/07/2020', 3, 465, 8),
(1230185, 'P7', '22/06/2020', 2, 372, 7),
(1230186, 'P9', '2/07/2020', 6, 750, 9),
(1230187, 'P5', '13/06/2020', 6, 551, 5),
(1230188, 'P8', '21/06/2020', 2, 947, 8),
(1230189, 'P6', '14/06/2020', 1, 732, 6),
(1230190, 'P9', '14/06/2020', 5, 130, 9),
(1230191, 'P5', '2/06/2020', 5, 230, 5),
(1230192, 'P4', '7/06/2020', 2, 265, 4),
(1230193, 'P4', '4/07/2020', 1, 849, 4),
(1230194, 'P4', '25/06/2020', 3, 280, 4),
(1230195, 'P2', '26/06/2020', 3, 434, 2),
(1230196, 'P3', '12/06/2020', 5, 199, 3),
(1230197, 'P8', '28/06/2020', 1, 586, 8),
(1230198, 'P7', '17/06/2020', 1, 759, 7),
(1230199, 'P4', '4/07/2020', 2, 904, 4),
(1230200, 'P6', '4/07/2020', 5, 380, 6),
(1230201, 'P8', '10/06/2020', 2, 678, 8),
(1230202, 'P3', '12/06/2020', 3, 843, 3),
(1230203, 'P8', '3/07/2020', 5, 551, 8),
(1230204, 'P5', '11/06/2020', 1, 904, 5),
(1230205, 'P2', '18/06/2020', 2, 553, 2),
(1230206, 'P4', '17/06/2020', 5, 142, 4),
(1230207, 'P1', '5/07/2020', 5, 955, 1),
(1230208, 'P4', '11/06/2020', 5, 427, 4),
(1230209, 'P8', '15/06/2020', 3, 870, 8),
(1230210, 'P3', '27/06/2020', 2, 726, 3),
(1230211, 'P6', '7/06/2020', 1, 189, 6),
(1230212, 'P3', '5/06/2020', 1, 438, 3),
(1230213, 'P4', '4/07/2020', 2, 226, 4),
(1230214, 'P7', '11/06/2020', 3, 975, 7),
(1230215, 'P4', '7/06/2020', 6, 594, 4),
(1230216, 'P1', '7/06/2020', 5, 755, 1),
(1230217, 'P6', '30/06/2020', 2, 155, 6),
(1230218, 'P4', '14/06/2020', 3, 482, 4),
(1230219, 'P6', '7/06/2020', 2, 808, 6),
(1230220, 'P5', '12/06/2020', 6, 204, 5),
(1230221, 'P8', '6/06/2020', 6, 18, 8),
(1230222, 'P8', '21/06/2020', 6, 683, 8),
(1230223, 'P2', '23/06/2020', 2, 661, 2),
(1230224, 'P4', '21/06/2020', 3, 988, 4),
(1230225, 'P9', '16/06/2020', 5, 441, 9),
(1230226, 'P8', '11/06/2020', 6, 844, 8),
(1230227, 'P4', '17/06/2020', 5, 990, 4),
(1230228, 'P5', '12/06/2020', 3, 39, 5),
(1230229, 'P3', '7/06/2020', 5, 645, 3),
(1230230, 'P4', '19/06/2020', 3, 642, 4),
(1230231, 'P5', '22/06/2020', 2, 178, 5),
(1230232, 'P3', '29/06/2020', 6, 198, 3),
(1230233, 'P1', '17/06/2020', 1, 626, 1),
(1230234, 'P3', '28/06/2020', 5, 841, 3),
(1230235, 'P4', '6/07/2020', 1, 342, 4),
(1230236, 'P9', '4/06/2020', 1, 635, 9),
(1230237, 'P2', '14/06/2020', 2, 97, 2),
(1230238, 'P2', '29/06/2020', 5, 470, 2),
(1230239, 'P2', '17/06/2020', 5, 611, 2),
(1230240, 'P6', '5/06/2020', 5, 62, 6),
(1230241, 'P6', '3/07/2020', 2, 348, 6),
(1230242, 'P1', '30/06/2020', 6, 176, 1),
(1230243, 'P1', '20/06/2020', 1, 487, 1),
(1230244, 'P4', '17/06/2020', 2, 985, 4),
(1230245, 'P7', '10/06/2020', 2, 3, 7),
(1230246, 'P6', '2/06/2020', 2, 147, 6),
(1230247, 'P3', '6/06/2020', 1, 809, 3),
(1230248, 'P4', '2/07/2020', 6, 594, 4),
(1230249, 'P1', '9/06/2020', 5, 568, 1),
(1230250, 'P8', '7/06/2020', 3, 45, 8),
(1230251, 'P2', '10/06/2020', 2, 92, 2),
(1230252, 'P3', '21/06/2020', 5, 447, 3),
(1230253, 'P1', '9/06/2020', 6, 207, 1),
(1230254, 'P2', '11/06/2020', 1, 411, 2),
(1230255, 'P6', '20/06/2020', 1, 717, 6),
(1230256, 'P4', '5/07/2020', 5, 814, 4),
(1230257, 'P5', '6/07/2020', 5, 496, 5),
(1230258, 'P5', '5/07/2020', 3, 513, 5),
(1230259, 'P1', '22/06/2020', 6, 330, 1),
(1230260, 'P9', '5/06/2020', 6, 959, 9),
(1230261, 'P6', '4/06/2020', 6, 839, 6),
(1230262, 'P2', '3/06/2020', 5, 598, 2),
(1230263, 'P2', '2/07/2020', 2, 295, 2),
(1230264, 'P9', '16/06/2020', 2, 868, 9),
(1230265, 'P1', '21/06/2020', 3, 328, 1),
(1230266, 'P2', '10/06/2020', 2, 251, 2),
(1230267, 'P2', '15/06/2020', 6, 953, 2),
(1230268, 'P7', '21/06/2020', 1, 19, 7),
(1230269, 'P9', '2/06/2020', 2, 207, 9),
(1230270, 'P2', '20/06/2020', 5, 883, 2),
(1230271, 'P6', '1/07/2020', 6, 615, 6),
(1230272, 'P4', '15/06/2020', 2, 93, 4),
(1230273, 'P5', '16/06/2020', 5, 173, 5),
(1230274, 'P5', '8/06/2020', 6, 34, 5),
(1230275, 'P2', '12/06/2020', 1, 363, 2),
(1230276, 'P3', '24/06/2020', 6, 197, 3),
(1230277, 'P6', '18/06/2020', 5, 200, 6),
(1230278, 'P8', '28/06/2020', 1, 743, 8),
(1230279, 'P9', '16/06/2020', 1, 104, 9),
(1230280, 'P2', '3/06/2020', 2, 837, 2),
(1230281, 'P2', '2/07/2020', 6, 683, 2),
(1230282, 'P3', '20/06/2020', 5, 251, 3),
(1230283, 'P3', '27/06/2020', 5, 569, 3),
(1230284, 'P2', '2/07/2020', 3, 676, 2),
(1230285, 'P5', '6/07/2020', 2, 138, 5),
(1230286, 'P9', '5/07/2020', 6, 542, 9),
(1230287, 'P4', '17/06/2020', 1, 873, 4),
(1230288, 'P4', '6/07/2020', 3, 493, 4),
(1230289, 'P2', '14/06/2020', 1, 642, 2),
(1230290, 'P1', '18/06/2020', 3, 548, 1),
(1230291, 'P8', '4/07/2020', 3, 162, 8),
(1230292, 'P1', '1/06/2020', 3, 949, 1),
(1230293, 'P2', '20/06/2020', 6, 735, 2),
(1230294, 'P7', '8/06/2020', 1, 67, 7),
(1230295, 'P4', '12/06/2020', 6, 315, 4),
(1230296, 'P2', '20/06/2020', 3, 784, 2),
(1230297, 'P7', '30/06/2020', 6, 544, 7),
(1230298, 'P6', '8/06/2020', 2, 980, 6),
(1230299, 'P5', '17/06/2020', 6, 787, 5),
(1230300, 'P6', '17/06/2020', 6, 732, 6),
(1230301, 'P5', '2/06/2020', 6, 135, 5),
(1230302, 'P2', '1/06/2020', 2, 941, 2),
(1230303, 'P6', '2/06/2020', 6, 797, 6),
(1230304, 'P7', '19/06/2020', 6, 403, 7),
(1230305, 'P4', '6/07/2020', 2, 999, 4),
(1230306, 'P1', '21/06/2020', 5, 781, 1),
(1230307, 'P6', '18/06/2020', 2, 288, 6),
(1230308, 'P6', '15/06/2020', 6, 123, 6),
(1230309, 'P4', '3/07/2020', 3, 569, 4),
(1230310, 'P6', '12/06/2020', 6, 781, 6),
(1230311, 'P7', '11/06/2020', 2, 895, 7),
(1230312, 'P4', '9/06/2020', 5, 702, 4),
(1230313, 'P2', '14/06/2020', 5, 40, 2),
(1230314, 'P2', '7/06/2020', 3, 490, 2),
(1230315, 'P6', '13/06/2020', 5, 476, 6),
(1230316, 'P5', '2/07/2020', 3, 60, 5),
(1230317, 'P7', '2/06/2020', 5, 301, 7),
(1230318, 'P8', '3/07/2020', 2, 263, 8),
(1230319, 'P7', '4/06/2020', 1, 167, 7),
(1230320, 'P5', '9/06/2020', 3, 235, 5),
(1230321, 'P5', '2/07/2020', 3, 74, 5),
(1230322, 'P9', '14/06/2020', 1, 627, 9),
(1230323, 'P9', '16/06/2020', 3, 245, 9),
(1230324, 'P3', '6/06/2020', 2, 319, 3),
(1230325, 'P8', '22/06/2020', 2, 216, 8),
(1230326, 'P6', '24/06/2020', 1, 179, 6),
(1230327, 'P1', '13/06/2020', 5, 218, 1),
(1230328, 'P4', '17/06/2020', 3, 452, 4),
(1230329, 'P2', '28/06/2020', 1, 742, 2),
(1230330, 'P5', '13/06/2020', 1, 103, 5),
(1230331, 'P8', '28/06/2020', 3, 333, 8),
(1230332, 'P2', '25/06/2020', 2, 148, 2),
(1230333, 'P3', '5/07/2020', 2, 587, 3),
(1230334, 'P4', '20/06/2020', 6, 238, 4),
(1230335, 'P3', '3/07/2020', 5, 194, 3),
(1230336, 'P9', '2/07/2020', 3, 11, 9),
(1230337, 'P4', '28/06/2020', 2, 627, 4),
(1230338, 'P8', '13/06/2020', 2, 665, 8),
(1230339, 'P3', '8/06/2020', 5, 627, 3),
(1230340, 'P3', '10/06/2020', 5, 435, 3),
(1230341, 'P1', '13/06/2020', 5, 45, 1),
(1230342, 'P1', '27/06/2020', 2, 523, 1),
(1230343, 'P4', '9/06/2020', 6, 592, 4),
(1230344, 'P8', '19/06/2020', 1, 932, 8),
(1230345, 'P5', '14/06/2020', 1, 886, 5),
(1230346, 'P1', '1/06/2020', 1, 359, 1),
(1230347, 'P9', '14/06/2020', 6, 814, 9),
(1230348, 'P2', '29/06/2020', 1, 258, 2),
(1230349, 'P1', '10/06/2020', 2, 763, 1),
(1230350, 'P8', '22/06/2020', 3, 807, 8),
(1230351, 'P5', '8/06/2020', 5, 342, 5),
(1230352, 'P6', '17/06/2020', 6, 622, 6),
(1230353, 'P2', '12/06/2020', 1, 203, 2),
(1230354, 'P2', '7/06/2020', 6, 536, 2),
(1230355, 'P6', '16/06/2020', 2, 593, 6),
(1230356, 'P9', '6/06/2020', 5, 676, 9),
(1230357, 'P4', '1/06/2020', 1, 313, 4),
(1230358, 'P3', '14/06/2020', 6, 131, 3),
(1230359, 'P3', '5/06/2020', 2, 904, 3),
(1230360, 'P7', '3/06/2020', 1, 131, 7),
(1230361, 'P6', '23/06/2020', 2, 735, 6),
(1230362, 'P9', '29/06/2020', 2, 393, 9),
(1230363, 'P5', '8/06/2020', 2, 622, 5),
(1230364, 'P9', '1/06/2020', 1, 112, 9),
(1230365, 'P7', '6/06/2020', 2, 113, 7),
(1230366, 'P4', '16/06/2020', 5, 562, 4),
(1230367, 'P3', '18/06/2020', 2, 49, 3),
(1230368, 'P7', '11/06/2020', 1, 876, 7),
(1230369, 'P4', '29/06/2020', 6, 25, 4),
(1230370, 'P9', '2/07/2020', 3, 749, 9),
(1230371, 'P4', '21/06/2020', 2, 624, 4),
(1230372, 'P5', '6/06/2020', 1, 615, 5),
(1230373, 'P3', '8/06/2020', 2, 677, 3),
(1230374, 'P2', '21/06/2020', 2, 828, 2),
(1230375, 'P5', '9/06/2020', 2, 838, 5),
(1230376, 'P8', '25/06/2020', 3, 604, 8),
(1230377, 'P6', '13/06/2020', 6, 663, 6),
(1230378, 'P8', '16/06/2020', 5, 157, 8),
(1230379, 'P5', '8/06/2020', 2, 930, 5),
(1230380, 'P2', '4/06/2020', 3, 729, 2),
(1230381, 'P4', '9/06/2020', 6, 574, 4),
(1230382, 'P1', '6/07/2020', 2, 664, 1),
(1230383, 'P6', '14/06/2020', 6, 107, 6),
(1230384, 'P9', '6/07/2020', 1, 522, 9),
(1230385, 'P5', '29/06/2020', 5, 816, 5),
(1230386, 'P1', '30/06/2020', 6, 285, 1),
(1230387, 'P8', '29/06/2020', 5, 954, 8),
(1230388, 'P6', '2/07/2020', 3, 83, 6),
(1230389, 'P2', '6/07/2020', 5, 30, 2),
(1230390, 'P4', '6/07/2020', 3, 381, 4),
(1230391, 'P1', '18/06/2020', 5, 364, 1),
(1230392, 'P2', '6/07/2020', 5, 855, 2),
(1230393, 'P6', '7/06/2020', 5, 277, 6),
(1230394, 'P7', '7/06/2020', 1, 686, 7),
(1230395, 'P8', '4/07/2020', 6, 108, 8),
(1230396, 'P8', '15/06/2020', 2, 612, 8),
(1230397, 'P2', '6/06/2020', 2, 993, 2),
(1230398, 'P5', '18/06/2020', 5, 542, 5),
(1230399, 'P1', '5/07/2020', 6, 690, 1),
(1230400, 'P9', '3/07/2020', 1, 600, 9),
(1230401, 'P8', '19/06/2020', 2, 697, 8),
(1230402, 'P1', '3/07/2020', 5, 548, 1),
(1230403, 'P5', '6/07/2020', 1, 28, 5),
(1230404, 'P3', '2/07/2020', 2, 177, 3),
(1230405, 'P2', '4/06/2020', 5, 302, 2),
(1230406, 'P8', '14/06/2020', 2, 86, 8),
(1230407, 'P1', '25/06/2020', 3, 989, 1),
(1230408, 'P2', '3/07/2020', 2, 246, 2),
(1230409, 'P7', '22/06/2020', 6, 934, 7),
(1230410, 'P3', '6/06/2020', 2, 470, 3),
(1230411, 'P7', '21/06/2020', 2, 980, 7),
(1230412, 'P2', '24/06/2020', 2, 840, 2),
(1230413, 'P4', '1/06/2020', 3, 588, 4),
(1230414, 'P2', '2/07/2020', 5, 888, 2),
(1230415, 'P6', '1/07/2020', 3, 913, 6),
(1230416, 'P9', '15/06/2020', 2, 97, 9),
(1230417, 'P3', '10/06/2020', 5, 558, 3),
(1230418, 'P9', '19/06/2020', 1, 790, 9),
(1230419, 'P1', '17/06/2020', 6, 750, 1),
(1230420, 'P6', '7/06/2020', 5, 174, 6),
(1230421, 'P9', '2/07/2020', 5, 126, 9),
(1230422, 'P2', '4/07/2020', 2, 91, 2),
(1230423, 'P9', '20/06/2020', 2, 371, 9),
(1230424, 'P5', '12/06/2020', 5, 415, 5),
(1230425, 'P6', '19/06/2020', 2, 712, 6),
(1230426, 'P4', '19/06/2020', 2, 966, 4),
(1230427, 'P2', '14/06/2020', 5, 598, 2),
(1230428, 'P6', '3/06/2020', 1, 361, 6),
(1230429, 'P6', '22/06/2020', 1, 781, 6),
(1230430, 'P8', '30/06/2020', 3, 582, 8),
(1230431, 'P8', '25/06/2020', 2, 328, 8),
(1230432, 'P3', '6/06/2020', 1, 366, 3),
(1230433, 'P4', '9/06/2020', 6, 429, 4),
(1230434, 'P4', '1/07/2020', 6, 141, 4),
(1230435, 'P4', '14/06/2020', 2, 148, 4),
(1230436, 'P6', '3/06/2020', 5, 392, 6),
(1230437, 'P1', '2/06/2020', 5, 493, 1),
(1230438, 'P4', '10/06/2020', 2, 938, 4),
(1230439, 'P1', '2/06/2020', 1, 975, 1),
(1230440, 'P8', '15/06/2020', 2, 393, 8),
(1230441, 'P2', '15/06/2020', 2, 402, 2),
(1230442, 'P6', '15/06/2020', 3, 294, 6),
(1230443, 'P2', '6/06/2020', 5, 316, 2),
(1230444, 'P1', '29/06/2020', 2, 414, 1),
(1230445, 'P7', '6/06/2020', 2, 384, 7),
(1230446, 'P9', '15/06/2020', 5, 794, 9),
(1230447, 'P6', '7/06/2020', 2, 193, 6),
(1230448, 'P7', '7/06/2020', 2, 701, 7),
(1230449, 'P3', '3/07/2020', 2, 882, 3),
(1230450, 'P3', '21/06/2020', 5, 396, 3),
(1230451, 'P2', '13/06/2020', 5, 536, 2),
(1230452, 'P9', '16/06/2020', 2, 840, 9),
(1230453, 'P7', '29/06/2020', 5, 171, 7),
(1230454, 'P1', '3/06/2020', 6, 948, 1),
(1230455, 'P7', '17/06/2020', 5, 41, 7),
(1230456, 'P2', '4/07/2020', 5, 96, 2),
(1230457, 'P9', '3/06/2020', 3, 704, 9),
(1230458, 'P8', '18/06/2020', 2, 156, 8),
(1230459, 'P1', '1/06/2020', 3, 41, 1),
(1230460, 'P6', '17/06/2020', 1, 650, 6),
(1230461, 'P3', '16/06/2020', 5, 271, 3),
(1230462, 'P9', '3/06/2020', 1, 271, 9),
(1230463, 'P4', '6/07/2020', 5, 145, 4),
(1230464, 'P6', '9/06/2020', 3, 951, 6),
(1230465, 'P4', '19/06/2020', 1, 807, 4),
(1230466, 'P3', '27/06/2020', 2, 997, 3),
(1230467, 'P3', '3/06/2020', 5, 336, 3),
(1230468, 'P8', '4/06/2020', 5, 192, 8),
(1230469, 'P4', '6/06/2020', 6, 86, 4),
(1230470, 'P3', '12/06/2020', 2, 958, 3),
(1230471, 'P7', '15/06/2020', 6, 938, 7),
(1230472, 'P3', '3/07/2020', 2, 154, 3),
(1230473, 'P4', '21/06/2020', 2, 593, 4),
(1230474, 'P3', '4/06/2020', 2, 767, 3),
(1230475, 'P6', '9/06/2020', 6, 900, 6),
(1230476, 'P4', '10/06/2020', 3, 403, 4),
(1230477, 'P4', '3/07/2020', 5, 830, 4),
(1230478, 'P8', '4/07/2020', 5, 421, 8),
(1230479, 'P2', '19/06/2020', 6, 550, 2),
(1230480, 'P6', '8/06/2020', 2, 218, 6),
(1230481, 'P4', '6/07/2020', 2, 715, 4),
(1230482, 'P4', '16/06/2020', 5, 248, 4),
(1230483, 'P7', '4/06/2020', 5, 989, 7),
(1230484, 'P5', '29/06/2020', 2, 648, 5),
(1230485, 'P1', '5/06/2020', 3, 243, 1),
(1230486, 'P2', '24/06/2020', 1, 434, 2),
(1230487, 'P1', '23/06/2020', 5, 166, 1),
(1230488, 'P7', '7/06/2020', 3, 138, 7),
(1230489, 'P2', '27/06/2020', 2, 449, 2),
(1230490, 'P5', '11/06/2020', 5, 436, 5),
(1230491, 'P6', '14/06/2020', 6, 687, 6),
(1230492, 'P5', '8/06/2020', 6, 500, 5),
(1230493, 'P9', '25/06/2020', 2, 947, 9),
(1230494, 'P3', '4/07/2020', 2, 134, 3),
(1230495, 'P7', '2/07/2020', 6, 813, 7),
(1230496, 'P7', '10/06/2020', 5, 189, 7),
(1230497, 'P5', '25/06/2020', 1, 551, 5),
(1230498, 'P4', '22/06/2020', 1, 654, 4),
(1230499, 'P7', '29/06/2020', 5, 605, 7),
(1230500, 'P5', '25/06/2020', 6, 562, 5),
(1230501, 'P7', '7/06/2020', 3, 466, 7),
(1230502, 'P7', '14/06/2020', 5, 768, 7),
(1230503, 'P4', '1/06/2020', 1, 29, 4),
(1230504, 'P5', '12/06/2020', 3, 684, 5),
(1230505, 'P6', '7/06/2020', 2, 710, 6),
(1230506, 'P6', '16/06/2020', 2, 677, 6),
(1230507, 'P5', '5/06/2020', 2, 634, 5),
(1230508, 'P6', '23/06/2020', 5, 664, 6),
(1230509, 'P4', '11/06/2020', 5, 910, 4),
(1230510, 'P1', '24/06/2020', 2, 791, 1),
(1230511, 'P9', '25/06/2020', 6, 169, 9),
(1230512, 'P2', '2/07/2020', 2, 935, 2),
(1230513, 'P4', '5/06/2020', 1, 525, 4),
(1230514, 'P6', '24/06/2020', 2, 850, 6),
(1230515, 'P4', '29/06/2020', 1, 624, 4),
(1230516, 'P6', '22/06/2020', 1, 149, 6),
(1230517, 'P3', '6/07/2020', 5, 964, 3),
(1230518, 'P9', '12/06/2020', 3, 891, 9),
(1230519, 'P2', '12/06/2020', 5, 950, 2),
(1230520, 'P4', '6/07/2020', 5, 117, 4),
(1230521, 'P4', '8/06/2020', 2, 226, 4),
(1230522, 'P4', '25/06/2020', 6, 934, 4),
(1230523, 'P3', '5/06/2020', 2, 900, 3),
(1230524, 'P2', '14/06/2020', 5, 113, 2),
(1230525, 'P4', '27/06/2020', 5, 297, 4),
(1230526, 'P5', '14/06/2020', 5, 877, 5),
(1230527, 'P6', '25/06/2020', 6, 443, 6),
(1230528, 'P5', '4/07/2020', 2, 774, 5),
(1230529, 'P6', '12/06/2020', 3, 517, 6),
(1230530, 'P8', '17/06/2020', 3, 655, 8),
(1230531, 'P2', '5/07/2020', 2, 263, 2),
(1230532, 'P3', '14/06/2020', 1, 940, 3),
(1230533, 'P7', '20/06/2020', 5, 245, 7),
(1230534, 'P7', '4/06/2020', 3, 154, 7),
(1230535, 'P6', '20/06/2020', 3, 75, 6),
(1230536, 'P5', '28/06/2020', 2, 904, 5),
(1230537, 'P9', '21/06/2020', 6, 617, 9),
(1230538, 'P2', '9/06/2020', 6, 416, 2),
(1230539, 'P5', '2/06/2020', 2, 321, 5),
(1230540, 'P2', '6/06/2020', 1, 229, 2),
(1230541, 'P8', '4/07/2020', 5, 981, 8),
(1230542, 'P6', '3/06/2020', 6, 3, 6),
(1230543, 'P6', '20/06/2020', 5, 659, 6),
(1230544, 'P7', '1/07/2020', 6, 698, 7),
(1230545, 'P6', '17/06/2020', 1, 61, 6),
(1230546, 'P9', '12/06/2020', 2, 438, 9),
(1230547, 'P9', '11/06/2020', 2, 357, 9),
(1230548, 'P7', '12/06/2020', 2, 513, 7),
(1230549, 'P9', '17/06/2020', 3, 223, 9),
(1230550, 'P2', '12/06/2020', 6, 613, 2),
(1230551, 'P9', '30/06/2020', 2, 835, 9),
(1230552, 'P5', '28/06/2020', 5, 183, 5),
(1230553, 'P2', '23/06/2020', 2, 943, 2),
(1230554, 'P2', '23/06/2020', 1, 533, 2),
(1230555, 'P1', '2/06/2020', 1, 642, 1),
(1230556, 'P3', '13/06/2020', 2, 341, 3),
(1230557, 'P5', '27/06/2020', 5, 83, 5),
(1230558, 'P2', '19/06/2020', 2, 639, 2),
(1230559, 'P5', '4/06/2020', 2, 550, 5),
(1230560, 'P2', '10/06/2020', 2, 238, 2),
(1230561, 'P8', '1/06/2020', 2, 841, 8),
(1230562, 'P9', '4/07/2020', 5, 671, 9),
(1230563, 'P7', '29/06/2020', 2, 746, 7),
(1230564, 'P1', '17/06/2020', 1, 941, 1),
(1230565, 'P5', '16/06/2020', 6, 162, 5),
(1230566, 'P9', '26/06/2020', 3, 217, 9),
(1230567, 'P4', '13/06/2020', 2, 848, 4),
(1230568, 'P4', '28/06/2020', 2, 650, 4),
(1230569, 'P9', '4/07/2020', 2, 276, 9),
(1230570, 'P4', '3/07/2020', 1, 582, 4),
(1230571, 'P3', '4/06/2020', 3, 86, 3),
(1230572, 'P6', '27/06/2020', 1, 522, 6),
(1230573, 'P3', '13/06/2020', 1, 298, 3),
(1230574, 'P5', '28/06/2020', 3, 260, 5),
(1230575, 'P6', '15/06/2020', 2, 397, 6),
(1230576, 'P2', '6/06/2020', 6, 716, 2),
(1230577, 'P4', '19/06/2020', 5, 122, 4),
(1230578, 'P7', '25/06/2020', 3, 164, 7),
(1230579, 'P3', '1/06/2020', 6, 662, 3),
(1230580, 'P7', '11/06/2020', 2, 770, 7),
(1230581, 'P5', '3/06/2020', 1, 521, 5),
(1230582, 'P9', '1/06/2020', 2, 402, 9),
(1230583, 'P2', '30/06/2020', 2, 737, 2),
(1230584, 'P9', '2/07/2020', 1, 386, 9),
(1230585, 'P8', '28/06/2020', 5, 561, 8),
(1230586, 'P5', '29/06/2020', 1, 775, 5),
(1230587, 'P3', '19/06/2020', 3, 704, 3),
(1230588, 'P2', '10/06/2020', 1, 784, 2),
(1230589, 'P7', '10/06/2020', 3, 785, 7),
(1230590, 'P8', '2/07/2020', 1, 295, 8),
(1230591, 'P6', '5/07/2020', 2, 869, 6),
(1230592, 'P7', '5/07/2020', 2, 625, 7),
(1230593, 'P8', '29/06/2020', 6, 887, 8),
(1230594, 'P9', '2/06/2020', 1, 253, 9),
(1230595, 'P8', '1/06/2020', 2, 350, 8),
(1230596, 'P6', '12/06/2020', 2, 50, 6),
(1230597, 'P6', '21/06/2020', 3, 770, 6),
(1230598, 'P7', '20/06/2020', 5, 482, 7),
(1230599, 'P8', '20/06/2020', 3, 220, 8),
(1230600, 'P2', '1/06/2020', 3, 200, 2),
(1230601, 'P7', '28/06/2020', 5, 239, 7),
(1230602, 'P6', '29/06/2020', 2, 856, 6),
(1230603, 'P6', '18/06/2020', 3, 149, 6),
(1230604, 'P4', '29/06/2020', 6, 658, 4),
(1230605, 'P2', '5/07/2020', 1, 182, 2),
(1230606, 'P4', '22/06/2020', 6, 1, 4),
(1230607, 'P5', '24/06/2020', 2, 240, 5),
(1230608, 'P7', '4/06/2020', 5, 100, 7),
(1230609, 'P5', '26/06/2020', 5, 622, 5),
(1230610, 'P9', '21/06/2020', 1, 128, 9),
(1230611, 'P2', '22/06/2020', 6, 198, 2),
(1230612, 'P4', '25/06/2020', 3, 157, 4),
(1230613, 'P9', '13/06/2020', 2, 613, 9),
(1230614, 'P8', '7/06/2020', 1, 251, 8),
(1230615, 'P8', '4/07/2020', 3, 660, 8),
(1230616, 'P7', '1/06/2020', 6, 728, 7);

--
-- Indexes for dumped tables
--

--
-- Indexes for table `customers`
--
ALTER TABLE `customers`
  ADD PRIMARY KEY (`id`);

--
-- Indexes for table `employee`
--
ALTER TABLE `employee`
  ADD PRIMARY KEY (`id`);

--
-- Indexes for table `products`
--
ALTER TABLE `products`
  ADD PRIMARY KEY (`productId`);

--
-- Indexes for table `sales`
--
ALTER TABLE `sales`
  ADD PRIMARY KEY (`invoiceId`),
  ADD KEY `sales_person` (`sales_person`),
  ADD KEY `customer_id` (`customer_id`),
  ADD KEY `product_id` (`product_id`);

--
-- Constraints for dumped tables
--

--
-- Constraints for table `sales`
--
ALTER TABLE `sales`
  ADD CONSTRAINT `sales_ibfk_1` FOREIGN KEY (`sales_person`) REFERENCES `employee` (`id`),
  ADD CONSTRAINT `sales_ibfk_2` FOREIGN KEY (`customer_id`) REFERENCES `customers` (`id`),
  ADD CONSTRAINT `sales_ibfk_3` FOREIGN KEY (`product_id`) REFERENCES `products` (`productId`);
COMMIT;

/*!40101 SET CHARACTER_SET_CLIENT=@OLD_CHARACTER_SET_CLIENT */;
/*!40101 SET CHARACTER_SET_RESULTS=@OLD_CHARACTER_SET_RESULTS */;
/*!40101 SET COLLATION_CONNECTION=@OLD_COLLATION_CONNECTION */;
